--------------------------------------------------------
--  파일이 생성됨 - 월요일-11월-22-2021   
--------------------------------------------------------
REM INSERTING into CLASS_A.BASKET_OF
SET DEFINE OFF;
Insert into CLASS_A.BASKET_OF (EMAIL,BASKETID) values ('60051234@mju.ac.kr','AAA005');
Insert into CLASS_A.BASKET_OF (EMAIL,BASKETID) values ('A@gmail.com','GGG001');
Insert into CLASS_A.BASKET_OF (EMAIL,BASKETID) values ('ASDF@mju.ac.kr','AAA006');
Insert into CLASS_A.BASKET_OF (EMAIL,BASKETID) values ('B@gmail.com','GGG002');
Insert into CLASS_A.BASKET_OF (EMAIL,BASKETID) values ('C@gmail.com','GGG003');
Insert into CLASS_A.BASKET_OF (EMAIL,BASKETID) values ('D@gmail.com','GGG004');
Insert into CLASS_A.BASKET_OF (EMAIL,BASKETID) values ('Drop@mju.ac.kr','AAA010');
Insert into CLASS_A.BASKET_OF (EMAIL,BASKETID) values ('E@gmail.com','GGG005');
Insert into CLASS_A.BASKET_OF (EMAIL,BASKETID) values ('F@gmail.com','GGG006');
Insert into CLASS_A.BASKET_OF (EMAIL,BASKETID) values ('G@gmail.com','GGG007');
Insert into CLASS_A.BASKET_OF (EMAIL,BASKETID) values ('H@gmail.com','GGG008');
Insert into CLASS_A.BASKET_OF (EMAIL,BASKETID) values ('I@gmail.com','GGG009');
Insert into CLASS_A.BASKET_OF (EMAIL,BASKETID) values ('J@gmail.com','GGG010');
Insert into CLASS_A.BASKET_OF (EMAIL,BASKETID) values ('President@mju.ac.kr','AAA011');
Insert into CLASS_A.BASKET_OF (EMAIL,BASKETID) values ('UN@mju.ac.kr','AAA009');
Insert into CLASS_A.BASKET_OF (EMAIL,BASKETID) values ('amdr43@gmail.com','EEE010');
Insert into CLASS_A.BASKET_OF (EMAIL,BASKETID) values ('an987@hotmail.com','DDD004');
Insert into CLASS_A.BASKET_OF (EMAIL,BASKETID) values ('andra33@gmail.com','FFF006');
Insert into CLASS_A.BASKET_OF (EMAIL,BASKETID) values ('andra4@gmail.com','FFF002');
Insert into CLASS_A.BASKET_OF (EMAIL,BASKETID) values ('anna098@mju.ac.kr','DDD002');
Insert into CLASS_A.BASKET_OF (EMAIL,BASKETID) values ('anna887@gmail.com','FFF001');
Insert into CLASS_A.BASKET_OF (EMAIL,BASKETID) values ('as123@naver.com','BBB001');
Insert into CLASS_A.BASKET_OF (EMAIL,BASKETID) values ('bill@hotmail.com','AAA008');
Insert into CLASS_A.BASKET_OF (EMAIL,BASKETID) values ('cah987@naver.com','BBB002');
Insert into CLASS_A.BASKET_OF (EMAIL,BASKETID) values ('chl123@naver.com','BBB003');
Insert into CLASS_A.BASKET_OF (EMAIL,BASKETID) values ('chole@gmail.com','FFF007');
Insert into CLASS_A.BASKET_OF (EMAIL,BASKETID) values ('dais@hotmail.com','EEE009');
Insert into CLASS_A.BASKET_OF (EMAIL,BASKETID) values ('dana@hotmail.com','DDD008');
Insert into CLASS_A.BASKET_OF (EMAIL,BASKETID) values ('dskfj@hotmail.com','EEE003');
Insert into CLASS_A.BASKET_OF (EMAIL,BASKETID) values ('ell123@naver.com','BBB004');
Insert into CLASS_A.BASKET_OF (EMAIL,BASKETID) values ('elz123@naver.com','BBB005');
Insert into CLASS_A.BASKET_OF (EMAIL,BASKETID) values ('emily123@mju.ac.kr','DDD001');
Insert into CLASS_A.BASKET_OF (EMAIL,BASKETID) values ('emma123@naver.com','BBB006');
Insert into CLASS_A.BASKET_OF (EMAIL,BASKETID) values ('erdk@hotmail.com','EEE002');
Insert into CLASS_A.BASKET_OF (EMAIL,BASKETID) values ('hilda56@hotmail.com','EEE004');
Insert into CLASS_A.BASKET_OF (EMAIL,BASKETID) values ('ilrel4@hotmail.com','EEE008');
Insert into CLASS_A.BASKET_OF (EMAIL,BASKETID) values ('isb123@naver.com','BBB007');
Insert into CLASS_A.BASKET_OF (EMAIL,BASKETID) values ('jasn68@hotmail.com','DDD006');
Insert into CLASS_A.BASKET_OF (EMAIL,BASKETID) values ('jchun@mju.ac.kr','AAA002');
Insert into CLASS_A.BASKET_OF (EMAIL,BASKETID) values ('jucy456@naver.com','BBB009');
Insert into CLASS_A.BASKET_OF (EMAIL,BASKETID) values ('julia43@hotmail.com','DDD009');
Insert into CLASS_A.BASKET_OF (EMAIL,BASKETID) values ('kat123@naver.com','BBB008');
Insert into CLASS_A.BASKET_OF (EMAIL,BASKETID) values ('kat432@hotmail.com','DDD005');
Insert into CLASS_A.BASKET_OF (EMAIL,BASKETID) values ('kell09809@mju.ac.kr','CCC004');
Insert into CLASS_A.BASKET_OF (EMAIL,BASKETID) values ('killer@mju.ac.kr','AAA004');
Insert into CLASS_A.BASKET_OF (EMAIL,BASKETID) values ('lovebaik@mju.ac.kr','AAA003');
Insert into CLASS_A.BASKET_OF (EMAIL,BASKETID) values ('ma345@mju.ac.kr','BBB010');
Insert into CLASS_A.BASKET_OF (EMAIL,BASKETID) values ('mad87@gmail.com','FFF005');
Insert into CLASS_A.BASKET_OF (EMAIL,BASKETID) values ('mano00@gmail.com','FFF004');
Insert into CLASS_A.BASKET_OF (EMAIL,BASKETID) values ('martina77@gmail.com','FFF008');
Insert into CLASS_A.BASKET_OF (EMAIL,BASKETID) values ('mell234@mju.ac.kr','CCC008');
Insert into CLASS_A.BASKET_OF (EMAIL,BASKETID) values ('mich90@hotmail.com','DDD007');
Insert into CLASS_A.BASKET_OF (EMAIL,BASKETID) values ('mju@gmail.com','AAA007');
Insert into CLASS_A.BASKET_OF (EMAIL,BASKETID) values ('niki987@mju.ac.kr','CCC010');
Insert into CLASS_A.BASKET_OF (EMAIL,BASKETID) values ('rack2193@mju.ac.kr','CCC006');
Insert into CLASS_A.BASKET_OF (EMAIL,BASKETID) values ('rebe987@mju.ac.kr','CCC009');
Insert into CLASS_A.BASKET_OF (EMAIL,BASKETID) values ('sall219837@mju.ac.kr','CCC005');
Insert into CLASS_A.BASKET_OF (EMAIL,BASKETID) values ('sama789@mju.ac.kr','CCC001');
Insert into CLASS_A.BASKET_OF (EMAIL,BASKETID) values ('sarah456@mju.ac.kr','CCC002');
Insert into CLASS_A.BASKET_OF (EMAIL,BASKETID) values ('setll88@hotmail.com','EEE006');
Insert into CLASS_A.BASKET_OF (EMAIL,BASKETID) values ('sop123@mju.ac.kr','CCC003');
Insert into CLASS_A.BASKET_OF (EMAIL,BASKETID) values ('thswave@naver.com','AAA001');
Insert into CLASS_A.BASKET_OF (EMAIL,BASKETID) values ('vavril@hotmail.com','EEE007');
Insert into CLASS_A.BASKET_OF (EMAIL,BASKETID) values ('vict78@mju.ac.kr','DDD003');
Insert into CLASS_A.BASKET_OF (EMAIL,BASKETID) values ('vivian12@gmail.com','FFF003');
Insert into CLASS_A.BASKET_OF (EMAIL,BASKETID) values ('whit987@mju.ac.kr','CCC007');
Insert into CLASS_A.BASKET_OF (EMAIL,BASKETID) values ('yereel@hotmail.com','DDD010');
Insert into CLASS_A.BASKET_OF (EMAIL,BASKETID) values ('yesica@hotmail.com','EEE001');
Insert into CLASS_A.BASKET_OF (EMAIL,BASKETID) values ('zoe123@hotmail.com','EEE005');
REM INSERTING into CLASS_A.BOOK
SET DEFINE OFF;
Insert into CLASS_A.BOOK (ISBN,TITLE,YEAR,PRICE) values (1001,'Database system concepts',2010,35000);
Insert into CLASS_A.BOOK (ISBN,TITLE,YEAR,PRICE) values (1002,'Harry potter',2000,10000);
Insert into CLASS_A.BOOK (ISBN,TITLE,YEAR,PRICE) values (1003,'C programming',2010,5000);
Insert into CLASS_A.BOOK (ISBN,TITLE,YEAR,PRICE) values (1004,'아프니까 청춘이다',2002,50000);
Insert into CLASS_A.BOOK (ISBN,TITLE,YEAR,PRICE) values (1005,'전종훈교수님의 강의비법',2001,9000);
Insert into CLASS_A.BOOK (ISBN,TITLE,YEAR,PRICE) values (1006,'창원씨 사랑해요',2010,10000);
Insert into CLASS_A.BOOK (ISBN,TITLE,YEAR,PRICE) values (1007,'데이터 베이스의 모든것',2002,5000);
Insert into CLASS_A.BOOK (ISBN,TITLE,YEAR,PRICE) values (1008,'수업시간에 졸지 말자',2017,10000);
Insert into CLASS_A.BOOK (ISBN,TITLE,YEAR,PRICE) values (1009,'수업시간에 집중 하자',2017,5000);
Insert into CLASS_A.BOOK (ISBN,TITLE,YEAR,PRICE) values (1010,'수업시간에 공부 하자',2017,8000);
Insert into CLASS_A.BOOK (ISBN,TITLE,YEAR,PRICE) values (2001,'C++ programming',2006,8000);
Insert into CLASS_A.BOOK (ISBN,TITLE,YEAR,PRICE) values (2002,'Phone book',2010,5000);
Insert into CLASS_A.BOOK (ISBN,TITLE,YEAR,PRICE) values (2003,'Little Prince',2000,10000);
Insert into CLASS_A.BOOK (ISBN,TITLE,YEAR,PRICE) values (2004,'알고리즘',2010,5000);
Insert into CLASS_A.BOOK (ISBN,TITLE,YEAR,PRICE) values (2005,'나는 자바를 몰라',2000,10000);
Insert into CLASS_A.BOOK (ISBN,TITLE,YEAR,PRICE) values (2006,'데이터베이스를 잘좀하자',2010,35000);
Insert into CLASS_A.BOOK (ISBN,TITLE,YEAR,PRICE) values (2007,'컨닝하는 사람 잡는 방법',2002,50000);
Insert into CLASS_A.BOOK (ISBN,TITLE,YEAR,PRICE) values (2008,'루비 온 레일즈',2001,9000);
Insert into CLASS_A.BOOK (ISBN,TITLE,YEAR,PRICE) values (2009,'4개의 통장',2000,10000);
Insert into CLASS_A.BOOK (ISBN,TITLE,YEAR,PRICE) values (3001,'XML',2002,5000);
Insert into CLASS_A.BOOK (ISBN,TITLE,YEAR,PRICE) values (3002,'Internet Programming',2014,10000);
Insert into CLASS_A.BOOK (ISBN,TITLE,YEAR,PRICE) values (3003,'청춘의 덫',2001,9000);
Insert into CLASS_A.BOOK (ISBN,TITLE,YEAR,PRICE) values (3004,'상실의 시대',2001,5000);
Insert into CLASS_A.BOOK (ISBN,TITLE,YEAR,PRICE) values (3005,'레몬',2002,8000);
Insert into CLASS_A.BOOK (ISBN,TITLE,YEAR,PRICE) values (3006,'밀실 살인사건',2014,5000);
Insert into CLASS_A.BOOK (ISBN,TITLE,YEAR,PRICE) values (3007,'JSP',2004,10000);
Insert into CLASS_A.BOOK (ISBN,TITLE,YEAR,PRICE) values (3008,'루비온 레일즈',2005,5000);
Insert into CLASS_A.BOOK (ISBN,TITLE,YEAR,PRICE) values (3009,'레일즈 웨이 3',2006,10000);
Insert into CLASS_A.BOOK (ISBN,TITLE,YEAR,PRICE) values (4001,'아침형 인간이 되자',2002,50000);
Insert into CLASS_A.BOOK (ISBN,TITLE,YEAR,PRICE) values (4002,'과제 잘하는 방법',2007,9000);
Insert into CLASS_A.BOOK (ISBN,TITLE,YEAR,PRICE) values (4003,'레포트 잘쓰는 법',2008,50000);
Insert into CLASS_A.BOOK (ISBN,TITLE,YEAR,PRICE) values (4004,'명지대 들어가는 법',2009,35000);
Insert into CLASS_A.BOOK (ISBN,TITLE,YEAR,PRICE) values (4005,'코딩 인터뷰',2010,10000);
Insert into CLASS_A.BOOK (ISBN,TITLE,YEAR,PRICE) values (4006,'플렉스',2000,5000);
Insert into CLASS_A.BOOK (ISBN,TITLE,YEAR,PRICE) values (4007,'오라클 마스터',2001,8000);
Insert into CLASS_A.BOOK (ISBN,TITLE,YEAR,PRICE) values (4008,'치즈인더 트랩',2002,5000);
Insert into CLASS_A.BOOK (ISBN,TITLE,YEAR,PRICE) values (4009,'웹로직',2003,10000);
Insert into CLASS_A.BOOK (ISBN,TITLE,YEAR,PRICE) values (5001,'Node.js',2004,5000);
Insert into CLASS_A.BOOK (ISBN,TITLE,YEAR,PRICE) values (5002,'솔로탈출 비법',2005,10000);
Insert into CLASS_A.BOOK (ISBN,TITLE,YEAR,PRICE) values (5003,'이성에게 어필하는 방법',2006,9000);
Insert into CLASS_A.BOOK (ISBN,TITLE,YEAR,PRICE) values (6000,'해리포터 ',2017,40000);
Insert into CLASS_A.BOOK (ISBN,TITLE,YEAR,PRICE) values (6001,'해리포터2',2017,50000);
Insert into CLASS_A.BOOK (ISBN,TITLE,YEAR,PRICE) values (6002,'해리포터3',2017,60000);
Insert into CLASS_A.BOOK (ISBN,TITLE,YEAR,PRICE) values (6003,'해리포터4',2017,70000);
Insert into CLASS_A.BOOK (ISBN,TITLE,YEAR,PRICE) values (7000,'하연',2020,10000);
Insert into CLASS_A.BOOK (ISBN,TITLE,YEAR,PRICE) values (7001,'강하연',2021,15000);
Insert into CLASS_A.BOOK (ISBN,TITLE,YEAR,PRICE) values (7002,'60191095 강하연',2019,20000);
Insert into CLASS_A.BOOK (ISBN,TITLE,YEAR,PRICE) values (8000,'작은시',2018,30000);
Insert into CLASS_A.BOOK (ISBN,TITLE,YEAR,PRICE) values (8001,'흑조',2019,31000);
Insert into CLASS_A.BOOK (ISBN,TITLE,YEAR,PRICE) values (8002,'그림자',2020,32000);
Insert into CLASS_A.BOOK (ISBN,TITLE,YEAR,PRICE) values (8003,'영원',2021,33000);
Insert into CLASS_A.BOOK (ISBN,TITLE,YEAR,PRICE) values (9000,'로건',2018,45000);
Insert into CLASS_A.BOOK (ISBN,TITLE,YEAR,PRICE) values (9001,'펜하',2019,42000);
Insert into CLASS_A.BOOK (ISBN,TITLE,YEAR,PRICE) values (9002,'실버스톤',2020,43000);
Insert into CLASS_A.BOOK (ISBN,TITLE,YEAR,PRICE) values (9003,'펜하2',2021,50000);
Insert into CLASS_A.BOOK (ISBN,TITLE,YEAR,PRICE) values (9004,'펜하3',2022,51000);
Insert into CLASS_A.BOOK (ISBN,TITLE,YEAR,PRICE) values (9005,'캠핑',2017,52000);
Insert into CLASS_A.BOOK (ISBN,TITLE,YEAR,PRICE) values (1,'a',2018,25000);
Insert into CLASS_A.BOOK (ISBN,TITLE,YEAR,PRICE) values (2,'b',2019,60000);
Insert into CLASS_A.BOOK (ISBN,TITLE,YEAR,PRICE) values (3,'c',2017,45000);
Insert into CLASS_A.BOOK (ISBN,TITLE,YEAR,PRICE) values (4,'d',2020,15000);
Insert into CLASS_A.BOOK (ISBN,TITLE,YEAR,PRICE) values (5,'e',2021,60000);
Insert into CLASS_A.BOOK (ISBN,TITLE,YEAR,PRICE) values (6,'f',2020,80000);
Insert into CLASS_A.BOOK (ISBN,TITLE,YEAR,PRICE) values (7,'g',2018,47000);
Insert into CLASS_A.BOOK (ISBN,TITLE,YEAR,PRICE) values (8,'h',2019,60000);
REM INSERTING into CLASS_A.CONTAINS
SET DEFINE OFF;
Insert into CLASS_A.CONTAINS (BASKETID,ISBN,NUM) values ('AAA001',1001,1);
Insert into CLASS_A.CONTAINS (BASKETID,ISBN,NUM) values ('AAA001',3001,10);
Insert into CLASS_A.CONTAINS (BASKETID,ISBN,NUM) values ('AAA002',1001,1);
Insert into CLASS_A.CONTAINS (BASKETID,ISBN,NUM) values ('AAA002',3001,3);
Insert into CLASS_A.CONTAINS (BASKETID,ISBN,NUM) values ('AAA003',1002,2);
Insert into CLASS_A.CONTAINS (BASKETID,ISBN,NUM) values ('AAA003',3002,3);
Insert into CLASS_A.CONTAINS (BASKETID,ISBN,NUM) values ('AAA004',1002,2);
Insert into CLASS_A.CONTAINS (BASKETID,ISBN,NUM) values ('AAA004',3003,1);
Insert into CLASS_A.CONTAINS (BASKETID,ISBN,NUM) values ('AAA005',1003,5);
Insert into CLASS_A.CONTAINS (BASKETID,ISBN,NUM) values ('AAA005',3003,2);
Insert into CLASS_A.CONTAINS (BASKETID,ISBN,NUM) values ('AAA006',1003,1);
Insert into CLASS_A.CONTAINS (BASKETID,ISBN,NUM) values ('AAA006',3004,100);
Insert into CLASS_A.CONTAINS (BASKETID,ISBN,NUM) values ('AAA007',1004,1);
Insert into CLASS_A.CONTAINS (BASKETID,ISBN,NUM) values ('AAA007',3004,1);
Insert into CLASS_A.CONTAINS (BASKETID,ISBN,NUM) values ('AAA008',3004,1);
Insert into CLASS_A.CONTAINS (BASKETID,ISBN,NUM) values ('AAA009',1004,50);
Insert into CLASS_A.CONTAINS (BASKETID,ISBN,NUM) values ('AAA009',3005,1);
Insert into CLASS_A.CONTAINS (BASKETID,ISBN,NUM) values ('AAA010',1005,1);
Insert into CLASS_A.CONTAINS (BASKETID,ISBN,NUM) values ('AAA010',3005,1);
Insert into CLASS_A.CONTAINS (BASKETID,ISBN,NUM) values ('AAA011',3005,1);
Insert into CLASS_A.CONTAINS (BASKETID,ISBN,NUM) values ('BBB001',1005,50);
Insert into CLASS_A.CONTAINS (BASKETID,ISBN,NUM) values ('BBB001',3006,1);
Insert into CLASS_A.CONTAINS (BASKETID,ISBN,NUM) values ('BBB002',1006,1);
Insert into CLASS_A.CONTAINS (BASKETID,ISBN,NUM) values ('BBB002',3006,21);
Insert into CLASS_A.CONTAINS (BASKETID,ISBN,NUM) values ('BBB003',1006,10);
Insert into CLASS_A.CONTAINS (BASKETID,ISBN,NUM) values ('BBB003',3006,2);
Insert into CLASS_A.CONTAINS (BASKETID,ISBN,NUM) values ('BBB004',1006,50);
Insert into CLASS_A.CONTAINS (BASKETID,ISBN,NUM) values ('BBB004',3007,1);
Insert into CLASS_A.CONTAINS (BASKETID,ISBN,NUM) values ('BBB005',1007,1);
Insert into CLASS_A.CONTAINS (BASKETID,ISBN,NUM) values ('BBB005',3007,2);
Insert into CLASS_A.CONTAINS (BASKETID,ISBN,NUM) values ('BBB006',1007,10);
Insert into CLASS_A.CONTAINS (BASKETID,ISBN,NUM) values ('BBB006',3008,2);
Insert into CLASS_A.CONTAINS (BASKETID,ISBN,NUM) values ('BBB007',1007,50);
Insert into CLASS_A.CONTAINS (BASKETID,ISBN,NUM) values ('BBB007',3009,2);
Insert into CLASS_A.CONTAINS (BASKETID,ISBN,NUM) values ('BBB008',4002,1);
Insert into CLASS_A.CONTAINS (BASKETID,ISBN,NUM) values ('BBB009',1008,10);
Insert into CLASS_A.CONTAINS (BASKETID,ISBN,NUM) values ('BBB009',4003,150);
Insert into CLASS_A.CONTAINS (BASKETID,ISBN,NUM) values ('BBB010',1008,50);
Insert into CLASS_A.CONTAINS (BASKETID,ISBN,NUM) values ('BBB010',4004,1);
Insert into CLASS_A.CONTAINS (BASKETID,ISBN,NUM) values ('CCC001',1009,1);
Insert into CLASS_A.CONTAINS (BASKETID,ISBN,NUM) values ('CCC001',4005,1);
Insert into CLASS_A.CONTAINS (BASKETID,ISBN,NUM) values ('CCC002',1004,10);
Insert into CLASS_A.CONTAINS (BASKETID,ISBN,NUM) values ('CCC002',1005,10);
Insert into CLASS_A.CONTAINS (BASKETID,ISBN,NUM) values ('CCC002',1008,1);
Insert into CLASS_A.CONTAINS (BASKETID,ISBN,NUM) values ('CCC002',1009,10);
Insert into CLASS_A.CONTAINS (BASKETID,ISBN,NUM) values ('CCC002',4006,1);
Insert into CLASS_A.CONTAINS (BASKETID,ISBN,NUM) values ('CCC003',1009,50);
Insert into CLASS_A.CONTAINS (BASKETID,ISBN,NUM) values ('CCC003',4007,2);
Insert into CLASS_A.CONTAINS (BASKETID,ISBN,NUM) values ('CCC004',2001,5);
Insert into CLASS_A.CONTAINS (BASKETID,ISBN,NUM) values ('CCC004',4007,1);
Insert into CLASS_A.CONTAINS (BASKETID,ISBN,NUM) values ('CCC005',2001,1);
Insert into CLASS_A.CONTAINS (BASKETID,ISBN,NUM) values ('CCC005',4008,3);
Insert into CLASS_A.CONTAINS (BASKETID,ISBN,NUM) values ('CCC006',2002,10);
Insert into CLASS_A.CONTAINS (BASKETID,ISBN,NUM) values ('CCC006',4008,1);
Insert into CLASS_A.CONTAINS (BASKETID,ISBN,NUM) values ('CCC007',2002,100);
Insert into CLASS_A.CONTAINS (BASKETID,ISBN,NUM) values ('CCC007',4009,1);
Insert into CLASS_A.CONTAINS (BASKETID,ISBN,NUM) values ('CCC008',2003,500);
Insert into CLASS_A.CONTAINS (BASKETID,ISBN,NUM) values ('CCC008',4009,100);
Insert into CLASS_A.CONTAINS (BASKETID,ISBN,NUM) values ('CCC009',2003,10);
Insert into CLASS_A.CONTAINS (BASKETID,ISBN,NUM) values ('CCC009',4009,1);
Insert into CLASS_A.CONTAINS (BASKETID,ISBN,NUM) values ('CCC010',2004,1);
Insert into CLASS_A.CONTAINS (BASKETID,ISBN,NUM) values ('CCC010',2005,1);
Insert into CLASS_A.CONTAINS (BASKETID,ISBN,NUM) values ('DDD001',2004,1);
Insert into CLASS_A.CONTAINS (BASKETID,ISBN,NUM) values ('DDD001',1001,1);
Insert into CLASS_A.CONTAINS (BASKETID,ISBN,NUM) values ('DDD002',2004,5);
Insert into CLASS_A.CONTAINS (BASKETID,ISBN,NUM) values ('DDD002',1008,5);
Insert into CLASS_A.CONTAINS (BASKETID,ISBN,NUM) values ('DDD003',2005,1);
Insert into CLASS_A.CONTAINS (BASKETID,ISBN,NUM) values ('DDD003',1008,1);
Insert into CLASS_A.CONTAINS (BASKETID,ISBN,NUM) values ('DDD004',2005,1);
Insert into CLASS_A.CONTAINS (BASKETID,ISBN,NUM) values ('DDD004',5001,3);
Insert into CLASS_A.CONTAINS (BASKETID,ISBN,NUM) values ('DDD005',2005,1);
Insert into CLASS_A.CONTAINS (BASKETID,ISBN,NUM) values ('DDD005',4009,2);
Insert into CLASS_A.CONTAINS (BASKETID,ISBN,NUM) values ('DDD006',2005,5);
Insert into CLASS_A.CONTAINS (BASKETID,ISBN,NUM) values ('DDD006',5001,1);
Insert into CLASS_A.CONTAINS (BASKETID,ISBN,NUM) values ('DDD007',2006,1);
Insert into CLASS_A.CONTAINS (BASKETID,ISBN,NUM) values ('DDD007',5002,1);
Insert into CLASS_A.CONTAINS (BASKETID,ISBN,NUM) values ('DDD008',2006,1);
Insert into CLASS_A.CONTAINS (BASKETID,ISBN,NUM) values ('DDD008',5002,1);
Insert into CLASS_A.CONTAINS (BASKETID,ISBN,NUM) values ('DDD009',2006,1);
Insert into CLASS_A.CONTAINS (BASKETID,ISBN,NUM) values ('DDD009',5003,1);
Insert into CLASS_A.CONTAINS (BASKETID,ISBN,NUM) values ('DDD010',2006,5);
Insert into CLASS_A.CONTAINS (BASKETID,ISBN,NUM) values ('EEE001',2007,1);
Insert into CLASS_A.CONTAINS (BASKETID,ISBN,NUM) values ('EEE002',2007,1);
Insert into CLASS_A.CONTAINS (BASKETID,ISBN,NUM) values ('EEE003',2007,25);
Insert into CLASS_A.CONTAINS (BASKETID,ISBN,NUM) values ('EEE004',2007,1);
Insert into CLASS_A.CONTAINS (BASKETID,ISBN,NUM) values ('EEE005',2007,5);
Insert into CLASS_A.CONTAINS (BASKETID,ISBN,NUM) values ('EEE006',2008,1);
Insert into CLASS_A.CONTAINS (BASKETID,ISBN,NUM) values ('EEE007',2008,1);
Insert into CLASS_A.CONTAINS (BASKETID,ISBN,NUM) values ('EEE008',2008,3);
Insert into CLASS_A.CONTAINS (BASKETID,ISBN,NUM) values ('EEE009',2008,1);
Insert into CLASS_A.CONTAINS (BASKETID,ISBN,NUM) values ('EEE010',2008,5);
Insert into CLASS_A.CONTAINS (BASKETID,ISBN,NUM) values ('FFF001',2009,1);
Insert into CLASS_A.CONTAINS (BASKETID,ISBN,NUM) values ('FFF002',2009,1);
Insert into CLASS_A.CONTAINS (BASKETID,ISBN,NUM) values ('FFF003',2009,3);
Insert into CLASS_A.CONTAINS (BASKETID,ISBN,NUM) values ('FFF004',2009,1);
Insert into CLASS_A.CONTAINS (BASKETID,ISBN,NUM) values ('FFF005',2009,1);
Insert into CLASS_A.CONTAINS (BASKETID,ISBN,NUM) values ('FFF006',2009,5);
Insert into CLASS_A.CONTAINS (BASKETID,ISBN,NUM) values ('FFF007',3001,1);
Insert into CLASS_A.CONTAINS (BASKETID,ISBN,NUM) values ('FFF008',3001,5);
Insert into CLASS_A.CONTAINS (BASKETID,ISBN,NUM) values ('AAA003',7000,3);
Insert into CLASS_A.CONTAINS (BASKETID,ISBN,NUM) values ('AAA003',8000,5);
Insert into CLASS_A.CONTAINS (BASKETID,ISBN,NUM) values ('AAA003',9000,4);
Insert into CLASS_A.CONTAINS (BASKETID,ISBN,NUM) values ('GGG001',6000,7);
Insert into CLASS_A.CONTAINS (BASKETID,ISBN,NUM) values ('GGG002',7001,8);
Insert into CLASS_A.CONTAINS (BASKETID,ISBN,NUM) values ('GGG003',7002,0);
Insert into CLASS_A.CONTAINS (BASKETID,ISBN,NUM) values ('GGG004',8000,0);
Insert into CLASS_A.CONTAINS (BASKETID,ISBN,NUM) values ('GGG005',9001,0);
Insert into CLASS_A.CONTAINS (BASKETID,ISBN,NUM) values ('AAA003',9002,2);
Insert into CLASS_A.CONTAINS (BASKETID,ISBN,NUM) values ('AAA003',8001,2);
REM INSERTING into CLASS_A.CUSTOMER
SET DEFINE OFF;
Insert into CLASS_A.CUSTOMER (EMAIL,NAME,ADDRESS,PHONE) values ('thswave@naver.com','Bill Gates','NewYork 454-6',1011111234);
Insert into CLASS_A.CUSTOMER (EMAIL,NAME,ADDRESS,PHONE) values ('jchun@mju.ac.kr','Kim sang sik','Yong In 223-5',316506255);
Insert into CLASS_A.CUSTOMER (EMAIL,NAME,ADDRESS,PHONE) values ('lovebaik@mju.ac.kr','Park Ji Sung','Manchester 458-8',545535109);
Insert into CLASS_A.CUSTOMER (EMAIL,NAME,ADDRESS,PHONE) values ('killer@mju.ac.kr','kim yu na ','Deagu 125-7',322006068);
Insert into CLASS_A.CUSTOMER (EMAIL,NAME,ADDRESS,PHONE) values ('60051234@mju.ac.kr','Sunny','Incheon 789-55',602181000);
Insert into CLASS_A.CUSTOMER (EMAIL,NAME,ADDRESS,PHONE) values ('ASDF@mju.ac.kr','Jessica','Jumchon 578-87',701184898);
Insert into CLASS_A.CUSTOMER (EMAIL,NAME,ADDRESS,PHONE) values ('mju@gmail.com','Jaemyung Lee','sangji 578-87',806566848);
Insert into CLASS_A.CUSTOMER (EMAIL,NAME,ADDRESS,PHONE) values ('bill@hotmail.com','Su hyun','SuWon 256-44',1156875987);
Insert into CLASS_A.CUSTOMER (EMAIL,NAME,ADDRESS,PHONE) values ('UN@mju.ac.kr','Cristal','SungNam 128-77',1068438786);
Insert into CLASS_A.CUSTOMER (EMAIL,NAME,ADDRESS,PHONE) values ('Drop@mju.ac.kr','G Dragon','JinJu 128-8',1072985726);
Insert into CLASS_A.CUSTOMER (EMAIL,NAME,ADDRESS,PHONE) values ('President@mju.ac.kr','kim Dok do','Dokdo 1-1',1025879842);
Insert into CLASS_A.CUSTOMER (EMAIL,NAME,ADDRESS,PHONE) values ('as123@naver.com','Ashley','NewYork 321-4',1012311234);
Insert into CLASS_A.CUSTOMER (EMAIL,NAME,ADDRESS,PHONE) values ('cah987@naver.com','Charlotte','Yong In 213-4',3165456255);
Insert into CLASS_A.CUSTOMER (EMAIL,NAME,ADDRESS,PHONE) values ('chl123@naver.com','Chloe','Manchester 123-8',543455100);
Insert into CLASS_A.CUSTOMER (EMAIL,NAME,ADDRESS,PHONE) values ('ell123@naver.com','Ellie','Deagu 456-7',321004953);
Insert into CLASS_A.CUSTOMER (EMAIL,NAME,ADDRESS,PHONE) values ('elz123@naver.com','Eliza','Incheon 845-0',603251006);
Insert into CLASS_A.CUSTOMER (EMAIL,NAME,ADDRESS,PHONE) values ('emma123@naver.com','Emma','Jumchon 244-89',704533453);
Insert into CLASS_A.CUSTOMER (EMAIL,NAME,ADDRESS,PHONE) values ('isb123@naver.com','Isabella','sangji 8945-345',804356823);
Insert into CLASS_A.CUSTOMER (EMAIL,NAME,ADDRESS,PHONE) values ('kat123@naver.com','Katie','SuWon 2343-23',1136875447);
Insert into CLASS_A.CUSTOMER (EMAIL,NAME,ADDRESS,PHONE) values ('jucy456@naver.com','Lucy','SungNam 342-90',1011438722);
Insert into CLASS_A.CUSTOMER (EMAIL,NAME,ADDRESS,PHONE) values ('ma345@mju.ac.kr','Madison','JinJu 898-23',1072335666);
Insert into CLASS_A.CUSTOMER (EMAIL,NAME,ADDRESS,PHONE) values ('sama789@mju.ac.kr','Samantha','Dokdo 2342-2',1023379452);
Insert into CLASS_A.CUSTOMER (EMAIL,NAME,ADDRESS,PHONE) values ('sarah456@mju.ac.kr','Sarah','hanam 8758-4',1013414433);
Insert into CLASS_A.CUSTOMER (EMAIL,NAME,ADDRESS,PHONE) values ('sop123@mju.ac.kr','Sophie','NewYork 234-98',316662255);
Insert into CLASS_A.CUSTOMER (EMAIL,NAME,ADDRESS,PHONE) values ('kell09809@mju.ac.kr','Kelly','Yong In 9893-2',545908609);
Insert into CLASS_A.CUSTOMER (EMAIL,NAME,ADDRESS,PHONE) values ('sall219837@mju.ac.kr','Sally','Manchester 24-432',322226000);
Insert into CLASS_A.CUSTOMER (EMAIL,NAME,ADDRESS,PHONE) values ('rack2193@mju.ac.kr','Rachel','Deagu 8797-0',602281828);
Insert into CLASS_A.CUSTOMER (EMAIL,NAME,ADDRESS,PHONE) values ('whit987@mju.ac.kr','Whitney','Incheon 453-234',701184844);
Insert into CLASS_A.CUSTOMER (EMAIL,NAME,ADDRESS,PHONE) values ('mell234@mju.ac.kr','Melissa','Jumchon 324-342',806346866);
Insert into CLASS_A.CUSTOMER (EMAIL,NAME,ADDRESS,PHONE) values ('rebe987@mju.ac.kr','Rebecca','sangji 789-1',1134877787);
Insert into CLASS_A.CUSTOMER (EMAIL,NAME,ADDRESS,PHONE) values ('niki987@mju.ac.kr','Nikita','SuWon 8974-3',1066638734);
Insert into CLASS_A.CUSTOMER (EMAIL,NAME,ADDRESS,PHONE) values ('emily123@mju.ac.kr','Emily','SungNam 234-1',1077780026);
Insert into CLASS_A.CUSTOMER (EMAIL,NAME,ADDRESS,PHONE) values ('anna098@mju.ac.kr','Anna','JinJu 342-90',1023374365);
Insert into CLASS_A.CUSTOMER (EMAIL,NAME,ADDRESS,PHONE) values ('vict78@mju.ac.kr','Victoria','Dokdo 453-213',1012211200);
Insert into CLASS_A.CUSTOMER (EMAIL,NAME,ADDRESS,PHONE) values ('an987@hotmail.com','Angela','hanam 343-56',316336895);
Insert into CLASS_A.CUSTOMER (EMAIL,NAME,ADDRESS,PHONE) values ('kat432@hotmail.com','Katrina','NewYork 2543-01',541235909);
Insert into CLASS_A.CUSTOMER (EMAIL,NAME,ADDRESS,PHONE) values ('jasn68@hotmail.com','Jasmin','Yong In 895-78',321206099);
Insert into CLASS_A.CUSTOMER (EMAIL,NAME,ADDRESS,PHONE) values ('mich90@hotmail.com','Michelle','Manchester 843-34',604481220);
Insert into CLASS_A.CUSTOMER (EMAIL,NAME,ADDRESS,PHONE) values ('dana@hotmail.com','Dana','Deagu 945-34',702084008);
Insert into CLASS_A.CUSTOMER (EMAIL,NAME,ADDRESS,PHONE) values ('julia43@hotmail.com','Julia','Incheon 394-2',801260048);
Insert into CLASS_A.CUSTOMER (EMAIL,NAME,ADDRESS,PHONE) values ('yereel@hotmail.com','Yereel','Jumchon 434-5',1188870087);
Insert into CLASS_A.CUSTOMER (EMAIL,NAME,ADDRESS,PHONE) values ('yesica@hotmail.com','Yesica','sangji 944-3',1044431286);
Insert into CLASS_A.CUSTOMER (EMAIL,NAME,ADDRESS,PHONE) values ('erdk@hotmail.com','Erica','SuWon 324-5',1066985006);
Insert into CLASS_A.CUSTOMER (EMAIL,NAME,ADDRESS,PHONE) values ('dskfj@hotmail.com','Raye','SungNam 234-34',1033879942);
Insert into CLASS_A.CUSTOMER (EMAIL,NAME,ADDRESS,PHONE) values ('hilda56@hotmail.com','Hilda','JinJu 984-34',1010011994);
Insert into CLASS_A.CUSTOMER (EMAIL,NAME,ADDRESS,PHONE) values ('zoe123@hotmail.com','Zoe','Dokdo 564-34',312206655);
Insert into CLASS_A.CUSTOMER (EMAIL,NAME,ADDRESS,PHONE) values ('setll88@hotmail.com','Stella','hanam 2454-4',543330109);
Insert into CLASS_A.CUSTOMER (EMAIL,NAME,ADDRESS,PHONE) values ('vavril@hotmail.com','Avril','NewYork 856-3',324401068);
Insert into CLASS_A.CUSTOMER (EMAIL,NAME,ADDRESS,PHONE) values ('ilrel4@hotmail.com','Iris','Yong In 453-34',602002222);
Insert into CLASS_A.CUSTOMER (EMAIL,NAME,ADDRESS,PHONE) values ('dais@hotmail.com','Daisy','Manchester 5432-3',703381198);
Insert into CLASS_A.CUSTOMER (EMAIL,NAME,ADDRESS,PHONE) values ('amdr43@gmail.com','Ameber','Deagu 342-34',805566768);
Insert into CLASS_A.CUSTOMER (EMAIL,NAME,ADDRESS,PHONE) values ('anna887@gmail.com','Anna','Incheon 244-45',1150075997);
Insert into CLASS_A.CUSTOMER (EMAIL,NAME,ADDRESS,PHONE) values ('andra4@gmail.com','Andrea','Jumchon 546-34',1061138666);
Insert into CLASS_A.CUSTOMER (EMAIL,NAME,ADDRESS,PHONE) values ('vivian12@gmail.com','Vivian','sangji 2450-3',1079983326);
Insert into CLASS_A.CUSTOMER (EMAIL,NAME,ADDRESS,PHONE) values ('mano00@gmail.com','Monica','SuWon 657-45',1020076642);
Insert into CLASS_A.CUSTOMER (EMAIL,NAME,ADDRESS,PHONE) values ('mad87@gmail.com','Madalyn','SungNam 564-43',1077430086);
Insert into CLASS_A.CUSTOMER (EMAIL,NAME,ADDRESS,PHONE) values ('andra33@gmail.com','Andrea','JinJu 564-43',1044980026);
Insert into CLASS_A.CUSTOMER (EMAIL,NAME,ADDRESS,PHONE) values ('chole@gmail.com','Chole','Dokdo 7654-34',1022438666);
Insert into CLASS_A.CUSTOMER (EMAIL,NAME,ADDRESS,PHONE) values ('martina77@gmail.com','Martina','hanam 1054-103',1018181818);
Insert into CLASS_A.CUSTOMER (EMAIL,NAME,ADDRESS,PHONE) values ('A@gmail.com','A',null,null);
Insert into CLASS_A.CUSTOMER (EMAIL,NAME,ADDRESS,PHONE) values ('B@gmail.com','B ',null,null);
Insert into CLASS_A.CUSTOMER (EMAIL,NAME,ADDRESS,PHONE) values ('C@gmail.com','C',null,null);
Insert into CLASS_A.CUSTOMER (EMAIL,NAME,ADDRESS,PHONE) values ('D@gmail.com','D',null,null);
Insert into CLASS_A.CUSTOMER (EMAIL,NAME,ADDRESS,PHONE) values ('E@gmail.com','E',null,null);
Insert into CLASS_A.CUSTOMER (EMAIL,NAME,ADDRESS,PHONE) values ('F@gmail.com','F',null,null);
Insert into CLASS_A.CUSTOMER (EMAIL,NAME,ADDRESS,PHONE) values ('G@gmail.com','G',null,null);
Insert into CLASS_A.CUSTOMER (EMAIL,NAME,ADDRESS,PHONE) values ('H@gmail.com','H',null,null);
Insert into CLASS_A.CUSTOMER (EMAIL,NAME,ADDRESS,PHONE) values ('I@gmail.com','I',null,null);
Insert into CLASS_A.CUSTOMER (EMAIL,NAME,ADDRESS,PHONE) values ('J@gmail.com','J',null,null);
Insert into CLASS_A.CUSTOMER (EMAIL,NAME,ADDRESS,PHONE) values ('K@gmail.com','K',null,null);
REM INSERTING into CLASS_A.PUBLISHED_BY
SET DEFINE OFF;
Insert into CLASS_A.PUBLISHED_BY (NAME,ISBN) values ('Emma',2001);
Insert into CLASS_A.PUBLISHED_BY (NAME,ISBN) values ('Emma',2002);
Insert into CLASS_A.PUBLISHED_BY (NAME,ISBN) values ('Harry',1001);
Insert into CLASS_A.PUBLISHED_BY (NAME,ISBN) values ('Harry',1002);
Insert into CLASS_A.PUBLISHED_BY (NAME,ISBN) values ('Harry',1004);
Insert into CLASS_A.PUBLISHED_BY (NAME,ISBN) values ('Harry',1005);
Insert into CLASS_A.PUBLISHED_BY (NAME,ISBN) values ('Harry',1006);
Insert into CLASS_A.PUBLISHED_BY (NAME,ISBN) values ('Harry',1007);
Insert into CLASS_A.PUBLISHED_BY (NAME,ISBN) values ('Harry',1008);
Insert into CLASS_A.PUBLISHED_BY (NAME,ISBN) values ('Harry',1009);
Insert into CLASS_A.PUBLISHED_BY (NAME,ISBN) values ('Harry',6000);
Insert into CLASS_A.PUBLISHED_BY (NAME,ISBN) values ('Harry',7000);
Insert into CLASS_A.PUBLISHED_BY (NAME,ISBN) values ('Harry',7001);
Insert into CLASS_A.PUBLISHED_BY (NAME,ISBN) values ('Harry',9000);
Insert into CLASS_A.PUBLISHED_BY (NAME,ISBN) values ('Harry',9001);
Insert into CLASS_A.PUBLISHED_BY (NAME,ISBN) values ('Harry',9002);
Insert into CLASS_A.PUBLISHED_BY (NAME,ISBN) values ('Harry',9003);
Insert into CLASS_A.PUBLISHED_BY (NAME,ISBN) values ('Harry',9004);
Insert into CLASS_A.PUBLISHED_BY (NAME,ISBN) values ('Harry',9005);
Insert into CLASS_A.PUBLISHED_BY (NAME,ISBN) values ('Malpoi',2003);
Insert into CLASS_A.PUBLISHED_BY (NAME,ISBN) values ('Malpoi',2004);
Insert into CLASS_A.PUBLISHED_BY (NAME,ISBN) values ('Malpoi',2005);
Insert into CLASS_A.PUBLISHED_BY (NAME,ISBN) values ('Ron',1003);
Insert into CLASS_A.PUBLISHED_BY (NAME,ISBN) values ('Tiger JK',4001);
Insert into CLASS_A.PUBLISHED_BY (NAME,ISBN) values ('Tiger JK',4002);
Insert into CLASS_A.PUBLISHED_BY (NAME,ISBN) values ('Tiger JK',4003);
Insert into CLASS_A.PUBLISHED_BY (NAME,ISBN) values ('Tiger JK',5001);
Insert into CLASS_A.PUBLISHED_BY (NAME,ISBN) values ('Tiger JK',5002);
Insert into CLASS_A.PUBLISHED_BY (NAME,ISBN) values ('Tina',3001);
Insert into CLASS_A.PUBLISHED_BY (NAME,ISBN) values ('Tina',3002);
Insert into CLASS_A.PUBLISHED_BY (NAME,ISBN) values ('mark Jacops',3003);
Insert into CLASS_A.PUBLISHED_BY (NAME,ISBN) values ('강성택',4004);
Insert into CLASS_A.PUBLISHED_BY (NAME,ISBN) values ('남표',2009);
Insert into CLASS_A.PUBLISHED_BY (NAME,ISBN) values ('남표',4008);
Insert into CLASS_A.PUBLISHED_BY (NAME,ISBN) values ('노정주',3004);
Insert into CLASS_A.PUBLISHED_BY (NAME,ISBN) values ('노정주',4009);
Insert into CLASS_A.PUBLISHED_BY (NAME,ISBN) values ('박창남',3009);
Insert into CLASS_A.PUBLISHED_BY (NAME,ISBN) values ('서승민',3007);
Insert into CLASS_A.PUBLISHED_BY (NAME,ISBN) values ('송하종',2006);
Insert into CLASS_A.PUBLISHED_BY (NAME,ISBN) values ('송하종',4005);
Insert into CLASS_A.PUBLISHED_BY (NAME,ISBN) values ('여복모',3005);
Insert into CLASS_A.PUBLISHED_BY (NAME,ISBN) values ('여복모',4001);
Insert into CLASS_A.PUBLISHED_BY (NAME,ISBN) values ('연오',7002);
Insert into CLASS_A.PUBLISHED_BY (NAME,ISBN) values ('윤헌수',3006);
Insert into CLASS_A.PUBLISHED_BY (NAME,ISBN) values ('이면근',2007);
Insert into CLASS_A.PUBLISHED_BY (NAME,ISBN) values ('이면근',4006);
Insert into CLASS_A.PUBLISHED_BY (NAME,ISBN) values ('이이원',3008);
Insert into CLASS_A.PUBLISHED_BY (NAME,ISBN) values ('진다림',8000);
Insert into CLASS_A.PUBLISHED_BY (NAME,ISBN) values ('최규호',2008);
Insert into CLASS_A.PUBLISHED_BY (NAME,ISBN) values ('최규호',4007);
REM INSERTING into CLASS_A.PUBLISHER
SET DEFINE OFF;
Insert into CLASS_A.PUBLISHER (NAME,ADDRESS,PHONE,URL) values ('Harry','Hogwatt 125-88',605004000,'http://www.magic.com');
Insert into CLASS_A.PUBLISHER (NAME,ADDRESS,PHONE,URL) values ('Ron','Hogwatt 125-88',315555105,'http://www.weak.com');
Insert into CLASS_A.PUBLISHER (NAME,ADDRESS,PHONE,URL) values ('Emma','Hogwatt 265-87',25535107,'http://www.study.com');
Insert into CLASS_A.PUBLISHER (NAME,ADDRESS,PHONE,URL) values ('Tina','3Dong 235',316661788,'http://www.extra.com');
Insert into CLASS_A.PUBLISHER (NAME,ADDRESS,PHONE,URL) values ('Malpoi','Jail 458-88',316588789,'http://www.looser.com');
Insert into CLASS_A.PUBLISHER (NAME,ADDRESS,PHONE,URL) values ('ellen M.M','China 157-87',8058588282,'http://www.CS.com');
Insert into CLASS_A.PUBLISHER (NAME,ADDRESS,PHONE,URL) values ('mark Jacops','nakamura 878-875',1234567890,'http://www.brand.com');
Insert into CLASS_A.PUBLISHER (NAME,ADDRESS,PHONE,URL) values ('Tiger JK','kangNam 125-77',905489879,'http://www.future.com');
Insert into CLASS_A.PUBLISHER (NAME,ADDRESS,PHONE,URL) values ('강성택','서울 용산구 원효로3가',28365392,'http://www.e-design.prede.com');
Insert into CLASS_A.PUBLISHER (NAME,ADDRESS,PHONE,URL) values ('송하종','전북 익산시 신흥동',313230661,'http://www.masatot.gsc.riken.go.jp');
Insert into CLASS_A.PUBLISHER (NAME,ADDRESS,PHONE,URL) values ('이면근','경남 하동군 하동읍',314794992,'http://www.pdk.pdk.co.kr');
Insert into CLASS_A.PUBLISHER (NAME,ADDRESS,PHONE,URL) values ('최규호','경북 구미시 형곡2동',428626880,'http://www.donghan.oh.samsung.com');
Insert into CLASS_A.PUBLISHER (NAME,ADDRESS,PHONE,URL) values ('남표','인천 남구 학익2동',415296383,'http://www.hoshiba.cb3.so-net.ne.jp');
Insert into CLASS_A.PUBLISHER (NAME,ADDRESS,PHONE,URL) values ('노정주','서울 양천구 목5동',486453456,'http://www.yshan.kimm.re.kr');
Insert into CLASS_A.PUBLISHER (NAME,ADDRESS,PHONE,URL) values ('여복모','대구 달서구 유천동',455439886,'http://www.ysjj1.nate.com');
Insert into CLASS_A.PUBLISHER (NAME,ADDRESS,PHONE,URL) values ('윤헌수','충남 천안시 직산읍',317306854,'http://www.nofuohkura.yahoo.co.jp');
Insert into CLASS_A.PUBLISHER (NAME,ADDRESS,PHONE,URL) values ('서승민','대전 유성구 탑립동',437335371,'noboru-mashiko.cocoa.plala.or.');
Insert into CLASS_A.PUBLISHER (NAME,ADDRESS,PHONE,URL) values ('이이원','서울 강서구 공항동',473579193,null);
Insert into CLASS_A.PUBLISHER (NAME,ADDRESS,PHONE,URL) values ('박창남','서울 강남구 포이동',316776182,'http://www.ehddjs.hotmail.com');
Insert into CLASS_A.PUBLISHER (NAME,ADDRESS,PHONE,URL) values ('화순택','대구 수성구 만촌1동',333738231,'ysshin334.hanmail.net');
Insert into CLASS_A.PUBLISHER (NAME,ADDRESS,PHONE,URL) values ('권덕준','경기 파주시 금촌동',544531926,null);
Insert into CLASS_A.PUBLISHER (NAME,ADDRESS,PHONE,URL) values ('이성준','경기 광주시 오포읍',315007881,'http://www.t-koreed2161.ls.lbm.co.jp');
Insert into CLASS_A.PUBLISHER (NAME,ADDRESS,PHONE,URL) values ('우영화','대구 남구 대명동',325272717,'01190590400.naver.com');
Insert into CLASS_A.PUBLISHER (NAME,ADDRESS,PHONE,URL) values ('박상후','부산 금정구 남산동',338935162,'http://www.yangdg.nate.com');
Insert into CLASS_A.PUBLISHER (NAME,ADDRESS,PHONE,URL) values ('심승한','대전 유성구 전민동',220581790,'http://www.musesky.korea.com');
Insert into CLASS_A.PUBLISHER (NAME,ADDRESS,PHONE,URL) values ('한중희','부산 금정구 금사동',626752984,null);
Insert into CLASS_A.PUBLISHER (NAME,ADDRESS,PHONE,URL) values ('장필재','대구 중구 남산동',27148116,null);
Insert into CLASS_A.PUBLISHER (NAME,ADDRESS,PHONE,URL) values ('박주홍','대구 중구 남산동',626702191,null);
Insert into CLASS_A.PUBLISHER (NAME,ADDRESS,PHONE,URL) values ('이명재','경기 시흥시 정왕동',316957391,'http://www.bluepure.hotmail.com');
Insert into CLASS_A.PUBLISHER (NAME,ADDRESS,PHONE,URL) values ('이정남','부산 사상구 모라3동',314790093,null);
Insert into CLASS_A.PUBLISHER (NAME,ADDRESS,PHONE,URL) values ('이용환','서울 광진구 군자동',415724484,'http://www.pinevill.paran.com');
Insert into CLASS_A.PUBLISHER (NAME,ADDRESS,PHONE,URL) values ('김형기','대구 북구 산격동',429631276,'http://www.shyn.skku.edu');
Insert into CLASS_A.PUBLISHER (NAME,ADDRESS,PHONE,URL) values ('이봉노','강원 춘천시 낙원동',544654211,null);
Insert into CLASS_A.PUBLISHER (NAME,ADDRESS,PHONE,URL) values ('김 양진','충남 공주시 신관동',312907989,'http://www.allegro.htt.co.kr');
Insert into CLASS_A.PUBLISHER (NAME,ADDRESS,PHONE,URL) values ('이선종','서울 구로구 구로동',354961521,'http://www.hayashi_yoshiyuki.royal-kk.co.');
Insert into CLASS_A.PUBLISHER (NAME,ADDRESS,PHONE,URL) values ('김광순','경기 안성시 인지동',221082200,null);
Insert into CLASS_A.PUBLISHER (NAME,ADDRESS,PHONE,URL) values ('한상현','대구 수성구 범물동',526912412,null);
Insert into CLASS_A.PUBLISHER (NAME,ADDRESS,PHONE,URL) values ('이광수 ',null,null,null);
Insert into CLASS_A.PUBLISHER (NAME,ADDRESS,PHONE,URL) values ('김재민',null,null,null);
Insert into CLASS_A.PUBLISHER (NAME,ADDRESS,PHONE,URL) values ('김남준',null,null,null);
Insert into CLASS_A.PUBLISHER (NAME,ADDRESS,PHONE,URL) values ('임호율',null,null,null);
Insert into CLASS_A.PUBLISHER (NAME,ADDRESS,PHONE,URL) values ('양은지',null,null,null);
Insert into CLASS_A.PUBLISHER (NAME,ADDRESS,PHONE,URL) values ('선다빈',null,null,null);
Insert into CLASS_A.PUBLISHER (NAME,ADDRESS,PHONE,URL) values ('최승철',null,null,null);
Insert into CLASS_A.PUBLISHER (NAME,ADDRESS,PHONE,URL) values ('채율',null,null,null);
Insert into CLASS_A.PUBLISHER (NAME,ADDRESS,PHONE,URL) values ('연오',null,null,null);
Insert into CLASS_A.PUBLISHER (NAME,ADDRESS,PHONE,URL) values ('김선우',null,null,null);
Insert into CLASS_A.PUBLISHER (NAME,ADDRESS,PHONE,URL) values ('진다림',null,null,null);
REM INSERTING into CLASS_A.SHOPPING_BASKET
SET DEFINE OFF;
Insert into CLASS_A.SHOPPING_BASKET (BASKETID) values ('AAA001');
Insert into CLASS_A.SHOPPING_BASKET (BASKETID) values ('AAA002');
Insert into CLASS_A.SHOPPING_BASKET (BASKETID) values ('AAA003');
Insert into CLASS_A.SHOPPING_BASKET (BASKETID) values ('AAA004');
Insert into CLASS_A.SHOPPING_BASKET (BASKETID) values ('AAA005');
Insert into CLASS_A.SHOPPING_BASKET (BASKETID) values ('AAA006');
Insert into CLASS_A.SHOPPING_BASKET (BASKETID) values ('AAA007');
Insert into CLASS_A.SHOPPING_BASKET (BASKETID) values ('AAA008');
Insert into CLASS_A.SHOPPING_BASKET (BASKETID) values ('AAA009');
Insert into CLASS_A.SHOPPING_BASKET (BASKETID) values ('AAA010');
Insert into CLASS_A.SHOPPING_BASKET (BASKETID) values ('AAA011');
Insert into CLASS_A.SHOPPING_BASKET (BASKETID) values ('BBB001');
Insert into CLASS_A.SHOPPING_BASKET (BASKETID) values ('BBB002');
Insert into CLASS_A.SHOPPING_BASKET (BASKETID) values ('BBB003');
Insert into CLASS_A.SHOPPING_BASKET (BASKETID) values ('BBB004');
Insert into CLASS_A.SHOPPING_BASKET (BASKETID) values ('BBB005');
Insert into CLASS_A.SHOPPING_BASKET (BASKETID) values ('BBB006');
Insert into CLASS_A.SHOPPING_BASKET (BASKETID) values ('BBB007');
Insert into CLASS_A.SHOPPING_BASKET (BASKETID) values ('BBB008');
Insert into CLASS_A.SHOPPING_BASKET (BASKETID) values ('BBB009');
Insert into CLASS_A.SHOPPING_BASKET (BASKETID) values ('BBB010');
Insert into CLASS_A.SHOPPING_BASKET (BASKETID) values ('CCC001');
Insert into CLASS_A.SHOPPING_BASKET (BASKETID) values ('CCC002');
Insert into CLASS_A.SHOPPING_BASKET (BASKETID) values ('CCC003');
Insert into CLASS_A.SHOPPING_BASKET (BASKETID) values ('CCC004');
Insert into CLASS_A.SHOPPING_BASKET (BASKETID) values ('CCC005');
Insert into CLASS_A.SHOPPING_BASKET (BASKETID) values ('CCC006');
Insert into CLASS_A.SHOPPING_BASKET (BASKETID) values ('CCC007');
Insert into CLASS_A.SHOPPING_BASKET (BASKETID) values ('CCC008');
Insert into CLASS_A.SHOPPING_BASKET (BASKETID) values ('CCC009');
Insert into CLASS_A.SHOPPING_BASKET (BASKETID) values ('CCC010');
Insert into CLASS_A.SHOPPING_BASKET (BASKETID) values ('DDD001');
Insert into CLASS_A.SHOPPING_BASKET (BASKETID) values ('DDD002');
Insert into CLASS_A.SHOPPING_BASKET (BASKETID) values ('DDD003');
Insert into CLASS_A.SHOPPING_BASKET (BASKETID) values ('DDD004');
Insert into CLASS_A.SHOPPING_BASKET (BASKETID) values ('DDD005');
Insert into CLASS_A.SHOPPING_BASKET (BASKETID) values ('DDD006');
Insert into CLASS_A.SHOPPING_BASKET (BASKETID) values ('DDD007');
Insert into CLASS_A.SHOPPING_BASKET (BASKETID) values ('DDD008');
Insert into CLASS_A.SHOPPING_BASKET (BASKETID) values ('DDD009');
Insert into CLASS_A.SHOPPING_BASKET (BASKETID) values ('DDD010');
Insert into CLASS_A.SHOPPING_BASKET (BASKETID) values ('EEE001');
Insert into CLASS_A.SHOPPING_BASKET (BASKETID) values ('EEE002');
Insert into CLASS_A.SHOPPING_BASKET (BASKETID) values ('EEE003');
Insert into CLASS_A.SHOPPING_BASKET (BASKETID) values ('EEE004');
Insert into CLASS_A.SHOPPING_BASKET (BASKETID) values ('EEE005');
Insert into CLASS_A.SHOPPING_BASKET (BASKETID) values ('EEE006');
Insert into CLASS_A.SHOPPING_BASKET (BASKETID) values ('EEE007');
Insert into CLASS_A.SHOPPING_BASKET (BASKETID) values ('EEE008');
Insert into CLASS_A.SHOPPING_BASKET (BASKETID) values ('EEE009');
Insert into CLASS_A.SHOPPING_BASKET (BASKETID) values ('EEE010');
Insert into CLASS_A.SHOPPING_BASKET (BASKETID) values ('FFF001');
Insert into CLASS_A.SHOPPING_BASKET (BASKETID) values ('FFF002');
Insert into CLASS_A.SHOPPING_BASKET (BASKETID) values ('FFF003');
Insert into CLASS_A.SHOPPING_BASKET (BASKETID) values ('FFF004');
Insert into CLASS_A.SHOPPING_BASKET (BASKETID) values ('FFF005');
Insert into CLASS_A.SHOPPING_BASKET (BASKETID) values ('FFF006');
Insert into CLASS_A.SHOPPING_BASKET (BASKETID) values ('FFF007');
Insert into CLASS_A.SHOPPING_BASKET (BASKETID) values ('FFF008');
Insert into CLASS_A.SHOPPING_BASKET (BASKETID) values ('GGG001');
Insert into CLASS_A.SHOPPING_BASKET (BASKETID) values ('GGG002');
Insert into CLASS_A.SHOPPING_BASKET (BASKETID) values ('GGG003');
Insert into CLASS_A.SHOPPING_BASKET (BASKETID) values ('GGG004');
Insert into CLASS_A.SHOPPING_BASKET (BASKETID) values ('GGG005');
Insert into CLASS_A.SHOPPING_BASKET (BASKETID) values ('GGG006');
Insert into CLASS_A.SHOPPING_BASKET (BASKETID) values ('GGG007');
Insert into CLASS_A.SHOPPING_BASKET (BASKETID) values ('GGG008');
Insert into CLASS_A.SHOPPING_BASKET (BASKETID) values ('GGG009');
Insert into CLASS_A.SHOPPING_BASKET (BASKETID) values ('GGG010');
REM INSERTING into CLASS_A.STOCKS
SET DEFINE OFF;
Insert into CLASS_A.STOCKS (ISBN,CODE,NUM) values (1001,'A01  ',1000);
Insert into CLASS_A.STOCKS (ISBN,CODE,NUM) values (1001,'B01  ',500);
Insert into CLASS_A.STOCKS (ISBN,CODE,NUM) values (1001,'C01  ',0);
Insert into CLASS_A.STOCKS (ISBN,CODE,NUM) values (1002,'A02  ',0);
Insert into CLASS_A.STOCKS (ISBN,CODE,NUM) values (1003,'B01  ',200);
Insert into CLASS_A.STOCKS (ISBN,CODE,NUM) values (1003,'A02  ',5000);
Insert into CLASS_A.STOCKS (ISBN,CODE,NUM) values (2001,'A01  ',2000);
Insert into CLASS_A.STOCKS (ISBN,CODE,NUM) values (2001,'C01  ',0);
Insert into CLASS_A.STOCKS (ISBN,CODE,NUM) values (2001,'C02  ',200);
Insert into CLASS_A.STOCKS (ISBN,CODE,NUM) values (2002,'B01  ',2000);
Insert into CLASS_A.STOCKS (ISBN,CODE,NUM) values (2003,'B01  ',500);
Insert into CLASS_A.STOCKS (ISBN,CODE,NUM) values (3001,'B03  ',6000);
Insert into CLASS_A.STOCKS (ISBN,CODE,NUM) values (3001,'A03  ',0);
Insert into CLASS_A.STOCKS (ISBN,CODE,NUM) values (3002,'C03  ',900);
Insert into CLASS_A.STOCKS (ISBN,CODE,NUM) values (3002,'A03  ',3000);
Insert into CLASS_A.STOCKS (ISBN,CODE,NUM) values (3003,'C03  ',600);
Insert into CLASS_A.STOCKS (ISBN,CODE,NUM) values (3003,'B03  ',1000);
Insert into CLASS_A.STOCKS (ISBN,CODE,NUM) values (4001,'C03  ',5000);
Insert into CLASS_A.STOCKS (ISBN,CODE,NUM) values (1004,'A02  ',1000);
Insert into CLASS_A.STOCKS (ISBN,CODE,NUM) values (1005,'A02  ',500);
Insert into CLASS_A.STOCKS (ISBN,CODE,NUM) values (1006,'A02  ',0);
Insert into CLASS_A.STOCKS (ISBN,CODE,NUM) values (1007,'A02  ',0);
Insert into CLASS_A.STOCKS (ISBN,CODE,NUM) values (1008,'A02  ',200);
Insert into CLASS_A.STOCKS (ISBN,CODE,NUM) values (1009,'A02  ',5000);
Insert into CLASS_A.STOCKS (ISBN,CODE,NUM) values (2004,'B01  ',2000);
Insert into CLASS_A.STOCKS (ISBN,CODE,NUM) values (2005,'B01  ',0);
Insert into CLASS_A.STOCKS (ISBN,CODE,NUM) values (2006,'B01  ',200);
Insert into CLASS_A.STOCKS (ISBN,CODE,NUM) values (2007,'B01  ',2000);
Insert into CLASS_A.STOCKS (ISBN,CODE,NUM) values (2008,'B01  ',500);
Insert into CLASS_A.STOCKS (ISBN,CODE,NUM) values (2009,'B01  ',6000);
Insert into CLASS_A.STOCKS (ISBN,CODE,NUM) values (3004,'C03  ',0);
Insert into CLASS_A.STOCKS (ISBN,CODE,NUM) values (3005,'B03  ',900);
Insert into CLASS_A.STOCKS (ISBN,CODE,NUM) values (3006,'C03  ',3000);
Insert into CLASS_A.STOCKS (ISBN,CODE,NUM) values (3007,'B03  ',600);
Insert into CLASS_A.STOCKS (ISBN,CODE,NUM) values (3008,'C03  ',1000);
Insert into CLASS_A.STOCKS (ISBN,CODE,NUM) values (3009,'B03  ',5000);
Insert into CLASS_A.STOCKS (ISBN,CODE,NUM) values (4002,'C03  ',1000);
Insert into CLASS_A.STOCKS (ISBN,CODE,NUM) values (4003,'C03  ',500);
Insert into CLASS_A.STOCKS (ISBN,CODE,NUM) values (4004,'C03  ',0);
Insert into CLASS_A.STOCKS (ISBN,CODE,NUM) values (4005,'C03  ',0);
Insert into CLASS_A.STOCKS (ISBN,CODE,NUM) values (4006,'C03  ',200);
Insert into CLASS_A.STOCKS (ISBN,CODE,NUM) values (4007,'C03  ',5000);
Insert into CLASS_A.STOCKS (ISBN,CODE,NUM) values (4008,'C03  ',2000);
Insert into CLASS_A.STOCKS (ISBN,CODE,NUM) values (4009,'C03  ',0);
Insert into CLASS_A.STOCKS (ISBN,CODE,NUM) values (5003,'C03  ',200);
Insert into CLASS_A.STOCKS (ISBN,CODE,NUM) values (5001,'C03  ',2000);
Insert into CLASS_A.STOCKS (ISBN,CODE,NUM) values (5002,'C03  ',500);
Insert into CLASS_A.STOCKS (ISBN,CODE,NUM) values (9000,'C03  ',601);
Insert into CLASS_A.STOCKS (ISBN,CODE,NUM) values (9001,'C03  ',605);
Insert into CLASS_A.STOCKS (ISBN,CODE,NUM) values (9002,'C03  ',700);
Insert into CLASS_A.STOCKS (ISBN,CODE,NUM) values (9003,'C03  ',800);
Insert into CLASS_A.STOCKS (ISBN,CODE,NUM) values (9004,'C03  ',900);
Insert into CLASS_A.STOCKS (ISBN,CODE,NUM) values (9005,'C03  ',0);
Insert into CLASS_A.STOCKS (ISBN,CODE,NUM) values (6000,'A01  ',0);
Insert into CLASS_A.STOCKS (ISBN,CODE,NUM) values (6001,'A01  ',0);
Insert into CLASS_A.STOCKS (ISBN,CODE,NUM) values (6002,'A01  ',0);
Insert into CLASS_A.STOCKS (ISBN,CODE,NUM) values (8000,'A02  ',0);
Insert into CLASS_A.STOCKS (ISBN,CODE,NUM) values (8001,'A03  ',0);
REM INSERTING into CLASS_A.WAREHOUSE
SET DEFINE OFF;
Insert into CLASS_A.WAREHOUSE (CODE,ADDRESS,PHONE) values ('A01  ','Newyork 11-2',995785488);
Insert into CLASS_A.WAREHOUSE (CODE,ADDRESS,PHONE) values ('A02  ','oregon 25-22',55788789);
Insert into CLASS_A.WAREHOUSE (CODE,ADDRESS,PHONE) values ('A03  ','nevada 458-8',225558786);
Insert into CLASS_A.WAREHOUSE (CODE,ADDRESS,PHONE) values ('A04  ','florida 125-55',358788788);
Insert into CLASS_A.WAREHOUSE (CODE,ADDRESS,PHONE) values ('A05  ','pennsylvania 45-8',68782222);
Insert into CLASS_A.WAREHOUSE (CODE,ADDRESS,PHONE) values ('A06  ','texas 448-8',658728724);
Insert into CLASS_A.WAREHOUSE (CODE,ADDRESS,PHONE) values ('A07  ','mexico 8',338788886);
Insert into CLASS_A.WAREHOUSE (CODE,ADDRESS,PHONE) values ('A08  ','lowa 87-88',115521287);
Insert into CLASS_A.WAREHOUSE (CODE,ADDRESS,PHONE) values ('A09  ','virginia 87',25787986);
Insert into CLASS_A.WAREHOUSE (CODE,ADDRESS,PHONE) values ('A10  ','경남 창원시 팔용동',325272717);
Insert into CLASS_A.WAREHOUSE (CODE,ADDRESS,PHONE) values ('B01  ','경남 김해시 어방동',220581790);
Insert into CLASS_A.WAREHOUSE (CODE,ADDRESS,PHONE) values ('B02  ','서울 금천구 가산동',626752984);
Insert into CLASS_A.WAREHOUSE (CODE,ADDRESS,PHONE) values ('B03  ','경북 구미시 황상동',27148116);
Insert into CLASS_A.WAREHOUSE (CODE,ADDRESS,PHONE) values ('B04  ','경남 양산시 북정동',626027688);
Insert into CLASS_A.WAREHOUSE (CODE,ADDRESS,PHONE) values ('B05  ','서울 구로구 구로3동',316957391);
Insert into CLASS_A.WAREHOUSE (CODE,ADDRESS,PHONE) values ('B06  ','대전 유성구 장동',314790093);
Insert into CLASS_A.WAREHOUSE (CODE,ADDRESS,PHONE) values ('B07  ','경기 안산시 원시동',315088848);
Insert into CLASS_A.WAREHOUSE (CODE,ADDRESS,PHONE) values ('B08  ','서울 강남구 대치4동',429631276);
Insert into CLASS_A.WAREHOUSE (CODE,ADDRESS,PHONE) values ('B09  ','대전 대덕구 대화동',526912412);
Insert into CLASS_A.WAREHOUSE (CODE,ADDRESS,PHONE) values ('B10  ','경남 창원시 성주동',665374531);
Insert into CLASS_A.WAREHOUSE (CODE,ADDRESS,PHONE) values ('C01  ','서울 구로구 구로3동',428257402);
Insert into CLASS_A.WAREHOUSE (CODE,ADDRESS,PHONE) values ('C02  ','서울 용산구 도원동',24244424);
Insert into CLASS_A.WAREHOUSE (CODE,ADDRESS,PHONE) values ('C03  ','서울 금천구 독산동',221088711);
Insert into CLASS_A.WAREHOUSE (CODE,ADDRESS,PHONE) values ('C04  ','서울 강남구 수서동',425464811);
Insert into CLASS_A.WAREHOUSE (CODE,ADDRESS,PHONE) values ('C05  ','대구 중구 동인동2가',454757221);
Insert into CLASS_A.WAREHOUSE (CODE,ADDRESS,PHONE) values ('C06  ','경기 안산시 일동',513122458);
Insert into CLASS_A.WAREHOUSE (CODE,ADDRESS,PHONE) values ('C07  ','경남 창원시 사림동',533201435);
Insert into CLASS_A.WAREHOUSE (CODE,ADDRESS,PHONE) values ('C08  ','울산 동구 방어동',9080146800);
Insert into CLASS_A.WAREHOUSE (CODE,ADDRESS,PHONE) values ('C09  ','충남 태안군 태안읍',936441200);
Insert into CLASS_A.WAREHOUSE (CODE,ADDRESS,PHONE) values ('C10  ','광주 광산구 신창동',226542140);
Insert into CLASS_A.WAREHOUSE (CODE,ADDRESS,PHONE) values ('D01  ','서울 종로구 장사동',314940258);
Insert into CLASS_A.WAREHOUSE (CODE,ADDRESS,PHONE) values ('D02  ','대전 유성구 봉명동',428605273);
Insert into CLASS_A.WAREHOUSE (CODE,ADDRESS,PHONE) values ('D03  ','전북 익산시 남중동',522602694);
Insert into CLASS_A.WAREHOUSE (CODE,ADDRESS,PHONE) values ('D04  ','서울 서초구 양재2동',263113955);
Insert into CLASS_A.WAREHOUSE (CODE,ADDRESS,PHONE) values ('D05  ','대구 달서구 파산동',222759861);
Insert into CLASS_A.WAREHOUSE (CODE,ADDRESS,PHONE) values ('D06  ','경북 영주시 영주2동',534110567);
Insert into CLASS_A.WAREHOUSE (CODE,ADDRESS,PHONE) values ('D07  ','서울 금천구 시흥3동',226161563);
Insert into CLASS_A.WAREHOUSE (CODE,ADDRESS,PHONE) values ('E01  ',null,null);
Insert into CLASS_A.WAREHOUSE (CODE,ADDRESS,PHONE) values ('E02  ',null,null);
Insert into CLASS_A.WAREHOUSE (CODE,ADDRESS,PHONE) values ('E03  ',null,null);
Insert into CLASS_A.WAREHOUSE (CODE,ADDRESS,PHONE) values ('E04  ',null,null);
Insert into CLASS_A.WAREHOUSE (CODE,ADDRESS,PHONE) values ('E05  ',null,null);
Insert into CLASS_A.WAREHOUSE (CODE,ADDRESS,PHONE) values ('E06  ',null,null);
Insert into CLASS_A.WAREHOUSE (CODE,ADDRESS,PHONE) values ('E07  ',null,null);
Insert into CLASS_A.WAREHOUSE (CODE,ADDRESS,PHONE) values ('E08  ',null,null);
Insert into CLASS_A.WAREHOUSE (CODE,ADDRESS,PHONE) values ('E09  ',null,null);
Insert into CLASS_A.WAREHOUSE (CODE,ADDRESS,PHONE) values ('E10  ',null,null);
REM INSERTING into CLASS_A.AUTHOR
SET DEFINE OFF;
Insert into CLASS_A.AUTHOR (NAME,ADDRESS,URL) values ('Rolling J.K','England 548-87','http://www.AAA.com');
Insert into CLASS_A.AUTHOR (NAME,ADDRESS,URL) values ('Korth','Japan 245-78','http://www.BBB.com');
Insert into CLASS_A.AUTHOR (NAME,ADDRESS,URL) values ('Jihyun You','Honolulu 457-87','http://www.CCC.com');
Insert into CLASS_A.AUTHOR (NAME,ADDRESS,URL) values ('Tonny W','Hawaii 458-78','http://www.skateboard.com');
Insert into CLASS_A.AUTHOR (NAME,ADDRESS,URL) values ('mark Jacops','nakamura 878-875','http://www.brand.com');
Insert into CLASS_A.AUTHOR (NAME,ADDRESS,URL) values ('Gun Ro','경기 수원시 팔달구 벽산아파트','http://www.bsicokr.hotmail.com');
Insert into CLASS_A.AUTHOR (NAME,ADDRESS,URL) values ('심용출','서울 관악구 신림9동 서울대학교','http://www.sblee1179.paran.com');
Insert into CLASS_A.AUTHOR (NAME,ADDRESS,URL) values ('김현수','경북 구미시 산동면 인덕리','http://www.jaewookl.bwtc.co.kr');
Insert into CLASS_A.AUTHOR (NAME,ADDRESS,URL) values ('최영락','경기 용인시 수지읍 상현리','http://www.bada_kang.naver.com');
Insert into CLASS_A.AUTHOR (NAME,ADDRESS,URL) values ('박찬수','서울 양평동3가 에이스빌딩','http://www.ah278.nate.com');
Insert into CLASS_A.AUTHOR (NAME,ADDRESS,URL) values ('김종국','충북 청주시 상당구 용암동','http://www.j-master.kcjnet.com');
Insert into CLASS_A.AUTHOR (NAME,ADDRESS,URL) values ('강주병','인천 동구 송림4동 산업유통센타','http://www.dbwlcjf.dreamwiz.com');
Insert into CLASS_A.AUTHOR (NAME,ADDRESS,URL) values ('박영훈','충북 청원군 미원면 중리','http://www.s.ushiro.hdl.co.jp');
Insert into CLASS_A.AUTHOR (NAME,ADDRESS,URL) values ('김형도','충남 천안시 성남면 신사리','http://www.jjinsk.drtech.co.kr');
Insert into CLASS_A.AUTHOR (NAME,ADDRESS,URL) values ('배기정','경남 마산시 회원구 내서읍 중리','http://www.townerho.nate.com');
Insert into CLASS_A.AUTHOR (NAME,ADDRESS,URL) values ('김홍삼','전북 전주시 덕진구 인후동2가','http://www.hjlee.anelva.co.kr');
Insert into CLASS_A.AUTHOR (NAME,ADDRESS,URL) values ('이명욱','충북 청주시 2동 청주대학교','http://www.jsmed88.naver.com');
Insert into CLASS_A.AUTHOR (NAME,ADDRESS,URL) values ('김상율','경기 광주군 광주읍 태전리','http://www.tkkim.e-ubiquitous.biz');
Insert into CLASS_A.AUTHOR (NAME,ADDRESS,URL) values ('최영조','경남 통영시 광도면 황리','http://www.kirani80.lycos.co.kr');
Insert into CLASS_A.AUTHOR (NAME,ADDRESS,URL) values ('이기준','경기 성남시 수정구 심곡동','http://www.lsh5155.korea.com');
Insert into CLASS_A.AUTHOR (NAME,ADDRESS,URL) values ('김환','서울 구로구 중앙유통단지','http://www.mschun.hanafos.com');
Insert into CLASS_A.AUTHOR (NAME,ADDRESS,URL) values ('김영','부산 진구 프라자 B동 120호',null);
Insert into CLASS_A.AUTHOR (NAME,ADDRESS,URL) values ('정성일','경기 구성면 현대중앙기술연구소','http://www.jhkim.newtechman.co.kr');
Insert into CLASS_A.AUTHOR (NAME,ADDRESS,URL) values ('김건우','경기 화성군 태안읍 안녕리','http://www.nanisul2003.paran.com');
Insert into CLASS_A.AUTHOR (NAME,ADDRESS,URL) values ('전성철','충남 천안시 성거읍 모전리',null);
Insert into CLASS_A.AUTHOR (NAME,ADDRESS,URL) values ('강충식','서울 서울대학교의과대학','http://www.bluesense15.nate.com');
Insert into CLASS_A.AUTHOR (NAME,ADDRESS,URL) values ('Soobin Son','경기 수원시 팔달구 벽산아파트','http://wwww.son.co.kr');
Insert into CLASS_A.AUTHOR (NAME,ADDRESS,URL) values ('Hayeon','경기 남양주시 다산동',null);
Insert into CLASS_A.AUTHOR (NAME,ADDRESS,URL) values ('강다연','경기 광주시 탄벌동 ',null);
Insert into CLASS_A.AUTHOR (NAME,ADDRESS,URL) values ('김민규','경기 하남시 덕품',null);
Insert into CLASS_A.AUTHOR (NAME,ADDRESS,URL) values ('Yoongi','서울 용산구 용산2가 ',null);
Insert into CLASS_A.AUTHOR (NAME,ADDRESS,URL) values ('전원우','서울 마포구 상암동',null);
Insert into CLASS_A.AUTHOR (NAME,ADDRESS,URL) values ('임율','서울 마포구 연남동',null);
Insert into CLASS_A.AUTHOR (NAME,ADDRESS,URL) values ('이혜윰','서울 서대문구 신촌동',null);
Insert into CLASS_A.AUTHOR (NAME,ADDRESS,URL) values ('가연','서울 서대문구 신수동',null);
Insert into CLASS_A.AUTHOR (NAME,ADDRESS,URL) values ('김웅','서울 서대문구 성산동',null);
Insert into CLASS_A.AUTHOR (NAME,ADDRESS,URL) values ('연우진','서울 관악구 신림9동 서울대학교',null);
REM INSERTING into CLASS_A.WRITTEN_BY
SET DEFINE OFF;
Insert into CLASS_A.WRITTEN_BY (NAME,ADDRESS,ISBN) values ('Rolling J.K','England 548-87',1001);
Insert into CLASS_A.WRITTEN_BY (NAME,ADDRESS,ISBN) values ('Korth','Japan 245-78',1002);
Insert into CLASS_A.WRITTEN_BY (NAME,ADDRESS,ISBN) values ('Rolling J.K','England 548-87',1002);
Insert into CLASS_A.WRITTEN_BY (NAME,ADDRESS,ISBN) values ('Korth','Japan 245-78',1003);
Insert into CLASS_A.WRITTEN_BY (NAME,ADDRESS,ISBN) values ('Soobin Son','경기 수원시 팔달구 벽산아파트',1004);
Insert into CLASS_A.WRITTEN_BY (NAME,ADDRESS,ISBN) values ('김영','부산 진구 프라자 B동 120호',1006);
Insert into CLASS_A.WRITTEN_BY (NAME,ADDRESS,ISBN) values ('Soobin Son','경기 수원시 팔달구 벽산아파트',1007);
Insert into CLASS_A.WRITTEN_BY (NAME,ADDRESS,ISBN) values ('Rolling J.K','England 548-87',1008);
Insert into CLASS_A.WRITTEN_BY (NAME,ADDRESS,ISBN) values ('Rolling J.K','England 548-87',1009);
Insert into CLASS_A.WRITTEN_BY (NAME,ADDRESS,ISBN) values ('Rolling J.K','England 548-87',1010);
Insert into CLASS_A.WRITTEN_BY (NAME,ADDRESS,ISBN) values ('Rolling J.K','England 548-87',2001);
Insert into CLASS_A.WRITTEN_BY (NAME,ADDRESS,ISBN) values ('Tonny W','Hawaii 458-78',2001);
Insert into CLASS_A.WRITTEN_BY (NAME,ADDRESS,ISBN) values ('Korth','Japan 245-78',2002);
Insert into CLASS_A.WRITTEN_BY (NAME,ADDRESS,ISBN) values ('Rolling J.K','England 548-87',2002);
Insert into CLASS_A.WRITTEN_BY (NAME,ADDRESS,ISBN) values ('mark Jacops','nakamura 878-875',2003);
Insert into CLASS_A.WRITTEN_BY (NAME,ADDRESS,ISBN) values ('Soobin Son','경기 수원시 팔달구 벽산아파트',2004);
Insert into CLASS_A.WRITTEN_BY (NAME,ADDRESS,ISBN) values ('Soobin Son','경기 수원시 팔달구 벽산아파트',2005);
Insert into CLASS_A.WRITTEN_BY (NAME,ADDRESS,ISBN) values ('심용출','서울 관악구 신림9동 서울대학교',2006);
Insert into CLASS_A.WRITTEN_BY (NAME,ADDRESS,ISBN) values ('김상율','경기 광주군 광주읍 태전리',2007);
Insert into CLASS_A.WRITTEN_BY (NAME,ADDRESS,ISBN) values ('김현수','경북 구미시 산동면 인덕리',2008);
Insert into CLASS_A.WRITTEN_BY (NAME,ADDRESS,ISBN) values ('Soobin Son','경기 수원시 팔달구 벽산아파트',2009);
Insert into CLASS_A.WRITTEN_BY (NAME,ADDRESS,ISBN) values ('Jihyun You','Honolulu 457-87',3001);
Insert into CLASS_A.WRITTEN_BY (NAME,ADDRESS,ISBN) values ('Soobin Son','경기 수원시 팔달구 벽산아파트',3002);
Insert into CLASS_A.WRITTEN_BY (NAME,ADDRESS,ISBN) values ('Jihyun You','Honolulu 457-87',3003);
Insert into CLASS_A.WRITTEN_BY (NAME,ADDRESS,ISBN) values ('Jihyun You','Honolulu 457-87',3004);
Insert into CLASS_A.WRITTEN_BY (NAME,ADDRESS,ISBN) values ('Jihyun You','Honolulu 457-87',3005);
Insert into CLASS_A.WRITTEN_BY (NAME,ADDRESS,ISBN) values ('강충식','서울 서울대학교의과대학',3006);
Insert into CLASS_A.WRITTEN_BY (NAME,ADDRESS,ISBN) values ('강충식','서울 서울대학교의과대학',3007);
Insert into CLASS_A.WRITTEN_BY (NAME,ADDRESS,ISBN) values ('Jihyun You','Honolulu 457-87',3008);
Insert into CLASS_A.WRITTEN_BY (NAME,ADDRESS,ISBN) values ('Jihyun You','Honolulu 457-87',3009);
Insert into CLASS_A.WRITTEN_BY (NAME,ADDRESS,ISBN) values ('mark Jacops','nakamura 878-875',4001);
Insert into CLASS_A.WRITTEN_BY (NAME,ADDRESS,ISBN) values ('Soobin Son','경기 수원시 팔달구 벽산아파트',4002);
Insert into CLASS_A.WRITTEN_BY (NAME,ADDRESS,ISBN) values ('김환','서울 구로구 중앙유통단지',4003);
Insert into CLASS_A.WRITTEN_BY (NAME,ADDRESS,ISBN) values ('심용출','서울 관악구 신림9동 서울대학교',4004);
Insert into CLASS_A.WRITTEN_BY (NAME,ADDRESS,ISBN) values ('김종국','충북 청주시 상당구 용암동',4005);
Insert into CLASS_A.WRITTEN_BY (NAME,ADDRESS,ISBN) values ('최영락','경기 용인시 수지읍 상현리',4006);
Insert into CLASS_A.WRITTEN_BY (NAME,ADDRESS,ISBN) values ('김현수','경북 구미시 산동면 인덕리',4007);
Insert into CLASS_A.WRITTEN_BY (NAME,ADDRESS,ISBN) values ('박찬수','서울 양평동3가 에이스빌딩',4008);
Insert into CLASS_A.WRITTEN_BY (NAME,ADDRESS,ISBN) values ('김건우','경기 화성군 태안읍 안녕리',4009);
Insert into CLASS_A.WRITTEN_BY (NAME,ADDRESS,ISBN) values ('Rolling J.K','England 548-87',6000);
Insert into CLASS_A.WRITTEN_BY (NAME,ADDRESS,ISBN) values ('Rolling J.K','England 548-87',6001);
Insert into CLASS_A.WRITTEN_BY (NAME,ADDRESS,ISBN) values ('Rolling J.K','England 548-87',6002);
Insert into CLASS_A.WRITTEN_BY (NAME,ADDRESS,ISBN) values ('Rolling J.K','England 548-87',6003);
Insert into CLASS_A.WRITTEN_BY (NAME,ADDRESS,ISBN) values ('Hayeon','경기 남양주시 다산동',7000);
Insert into CLASS_A.WRITTEN_BY (NAME,ADDRESS,ISBN) values ('Hayeon','경기 남양주시 다산동',7001);
Insert into CLASS_A.WRITTEN_BY (NAME,ADDRESS,ISBN) values ('Hayeon','경기 남양주시 다산동',7002);
Insert into CLASS_A.WRITTEN_BY (NAME,ADDRESS,ISBN) values ('Yoongi','서울 용산구 용산2가 ',8000);
Insert into CLASS_A.WRITTEN_BY (NAME,ADDRESS,ISBN) values ('Yoongi','서울 용산구 용산2가 ',8001);
Insert into CLASS_A.WRITTEN_BY (NAME,ADDRESS,ISBN) values ('Yoongi','서울 용산구 용산2가 ',8002);
Insert into CLASS_A.WRITTEN_BY (NAME,ADDRESS,ISBN) values ('Yoongi','서울 용산구 용산2가 ',8003);
Insert into CLASS_A.WRITTEN_BY (NAME,ADDRESS,ISBN) values ('Gun Ro','경기 수원시 팔달구 벽산아파트',9000);
Insert into CLASS_A.WRITTEN_BY (NAME,ADDRESS,ISBN) values ('Gun Ro','경기 수원시 팔달구 벽산아파트',9001);
Insert into CLASS_A.WRITTEN_BY (NAME,ADDRESS,ISBN) values ('Gun Ro','경기 수원시 팔달구 벽산아파트',9002);
Insert into CLASS_A.WRITTEN_BY (NAME,ADDRESS,ISBN) values ('Gun Ro','경기 수원시 팔달구 벽산아파트',9003);
Insert into CLASS_A.WRITTEN_BY (NAME,ADDRESS,ISBN) values ('Gun Ro','경기 수원시 팔달구 벽산아파트',9004);
Insert into CLASS_A.WRITTEN_BY (NAME,ADDRESS,ISBN) values ('Gun Ro','경기 수원시 팔달구 벽산아파트',9005);
