--------------------------------------------------------
--  파일이 생성됨 - 월요일-11월-22-2021   
--------------------------------------------------------
REM INSERTING into CLASS_A.DEPARTMENT
SET DEFINE OFF;
Insert into CLASS_A.DEPARTMENT (DNUMBER,DNAME,MGRSTARTDATE,DLOCATION) values (3,'IT',to_date('02-3월 -05','DD-MON-RR'),'SEOUL');
Insert into CLASS_A.DEPARTMENT (DNUMBER,DNAME,MGRSTARTDATE,DLOCATION) values (2120,'Marketing',to_date('24-7월 -07','DD-MON-RR'),'NEW YORK');
Insert into CLASS_A.DEPARTMENT (DNUMBER,DNAME,MGRSTARTDATE,DLOCATION) values (2130,'Human Resources',to_date('05-2월 -99','DD-MON-RR'),'DALLAS');
Insert into CLASS_A.DEPARTMENT (DNUMBER,DNAME,MGRSTARTDATE,DLOCATION) values (2140,'Shipping',to_date('16-1월 -10','DD-MON-RR'),'CHICAGO');
Insert into CLASS_A.DEPARTMENT (DNUMBER,DNAME,MGRSTARTDATE,DLOCATION) values (2150,'Sales',to_date('21-11월-04','DD-MON-RR'),'BOSTON');
Insert into CLASS_A.DEPARTMENT (DNUMBER,DNAME,MGRSTARTDATE,DLOCATION) values (2160,'Finance',to_date('07-5월 -01','DD-MON-RR'),'MIAMI');
Insert into CLASS_A.DEPARTMENT (DNUMBER,DNAME,MGRSTARTDATE,DLOCATION) values (2000,'Administration',to_date('11-10월-84','DD-MON-RR'),'YONGIN');
Insert into CLASS_A.DEPARTMENT (DNUMBER,DNAME,MGRSTARTDATE,DLOCATION) values (3000,'Planning',null,'GYEONGGI');
Insert into CLASS_A.DEPARTMENT (DNUMBER,DNAME,MGRSTARTDATE,DLOCATION) values (3001,'Machinary',null,'GANGWON');
Insert into CLASS_A.DEPARTMENT (DNUMBER,DNAME,MGRSTARTDATE,DLOCATION) values (3002,'Management',null,'SEOUL');
Insert into CLASS_A.DEPARTMENT (DNUMBER,DNAME,MGRSTARTDATE,DLOCATION) values (3003,'Network',null,'BUSAN');
Insert into CLASS_A.DEPARTMENT (DNUMBER,DNAME,MGRSTARTDATE,DLOCATION) values (3004,'International',null,'OULSAN');
Insert into CLASS_A.DEPARTMENT (DNUMBER,DNAME,MGRSTARTDATE,DLOCATION) values (3005,'General',null,'BOSTON');
Insert into CLASS_A.DEPARTMENT (DNUMBER,DNAME,MGRSTARTDATE,DLOCATION) values (3006,'Accounting',null,'SEOUL');
Insert into CLASS_A.DEPARTMENT (DNUMBER,DNAME,MGRSTARTDATE,DLOCATION) values (3007,'Purchasing',null,'SEOUL');
Insert into CLASS_A.DEPARTMENT (DNUMBER,DNAME,MGRSTARTDATE,DLOCATION) values (3008,'R and D',null,'BUSAN');
Insert into CLASS_A.DEPARTMENT (DNUMBER,DNAME,MGRSTARTDATE,DLOCATION) values (3009,'Communication',null,'MIAMI');
REM INSERTING into CLASS_A.EMPLOYEE
SET DEFINE OFF;
Insert into CLASS_A.EMPLOYEE (SSN,FNAME,LNAME,BDATE,ADDRESS,SEX,SALARY,SUPERSSN,DNO) values (110,'Donald','Oconnell',to_date('07-2월 -59','DD-MON-RR'),'YONGIN','M',2600,146,3);
Insert into CLASS_A.EMPLOYEE (SSN,FNAME,LNAME,BDATE,ADDRESS,SEX,SALARY,SUPERSSN,DNO) values (111,'Douglas','Grant',to_date('17-8월 -78','DD-MON-RR'),'DALLAS','M',2600,146,2120);
Insert into CLASS_A.EMPLOYEE (SSN,FNAME,LNAME,BDATE,ADDRESS,SEX,SALARY,SUPERSSN,DNO) values (112,'Jennifer','Whalen',to_date('07-3월 -82','DD-MON-RR'),'CHICAGO','F',4400,146,2130);
Insert into CLASS_A.EMPLOYEE (SSN,FNAME,LNAME,BDATE,ADDRESS,SEX,SALARY,SUPERSSN,DNO) values (113,'Michael','Hartstein',to_date('08-5월 -58','DD-MON-RR'),'BOSTON','M',13000,147,3);
Insert into CLASS_A.EMPLOYEE (SSN,FNAME,LNAME,BDATE,ADDRESS,SEX,SALARY,SUPERSSN,DNO) values (114,'Pat','Fay',to_date('18-7월 -84','DD-MON-RR'),'SEOUL','F',6000,147,2120);
Insert into CLASS_A.EMPLOYEE (SSN,FNAME,LNAME,BDATE,ADDRESS,SEX,SALARY,SUPERSSN,DNO) values (115,'Susan','Mavris',to_date('14-1월 -72','DD-MON-RR'),'MIAMI','F',6500,147,2130);
Insert into CLASS_A.EMPLOYEE (SSN,FNAME,LNAME,BDATE,ADDRESS,SEX,SALARY,SUPERSSN,DNO) values (116,'Hermann','Baer',to_date('06-2월 -61','DD-MON-RR'),'NEW YORK','M',10000,146,2140);
Insert into CLASS_A.EMPLOYEE (SSN,FNAME,LNAME,BDATE,ADDRESS,SEX,SALARY,SUPERSSN,DNO) values (146,'Jonghoon','Chun',to_date('06-4월 -75','DD-MON-RR'),'YONGIN','M',25000,148,2000);
Insert into CLASS_A.EMPLOYEE (SSN,FNAME,LNAME,BDATE,ADDRESS,SEX,SALARY,SUPERSSN,DNO) values (147,'Allan','McEwen',to_date('25-10월-68','DD-MON-RR'),'SEOUL','F',20000,148,2000);
Insert into CLASS_A.EMPLOYEE (SSN,FNAME,LNAME,BDATE,ADDRESS,SEX,SALARY,SUPERSSN,DNO) values (148,'Changwon','Sohn',to_date('24-12월-50','DD-MON-RR'),'YONGIN','M',50000,null,2000);
Insert into CLASS_A.EMPLOYEE (SSN,FNAME,LNAME,BDATE,ADDRESS,SEX,SALARY,SUPERSSN,DNO) values (117,'Michael Jordan ','lee',to_date('04-3월 -82','DD-MON-RR'),'YONGIN','M',2600,146,3);
Insert into CLASS_A.EMPLOYEE (SSN,FNAME,LNAME,BDATE,ADDRESS,SEX,SALARY,SUPERSSN,DNO) values (118,'Sienna Miller','lee',to_date('02-10월-79','DD-MON-RR'),'DALLAS','M',2600,146,2120);
Insert into CLASS_A.EMPLOYEE (SSN,FNAME,LNAME,BDATE,ADDRESS,SEX,SALARY,SUPERSSN,DNO) values (119,'Cristiano Ronaldo','park',to_date('02-3월 -80','DD-MON-RR'),'CHICAGO','M',4400,146,2130);
Insert into CLASS_A.EMPLOYEE (SSN,FNAME,LNAME,BDATE,ADDRESS,SEX,SALARY,SUPERSSN,DNO) values (120,'Lionel Messi','choi',to_date('05-4월 -72','DD-MON-RR'),'BOSTON','M',6000,146,2140);
Insert into CLASS_A.EMPLOYEE (SSN,FNAME,LNAME,BDATE,ADDRESS,SEX,SALARY,SUPERSSN,DNO) values (121,'Jisung Park','lee',to_date('03-2월 -80','DD-MON-RR'),'SEOUL','M',6500,146,2150);
Insert into CLASS_A.EMPLOYEE (SSN,FNAME,LNAME,BDATE,ADDRESS,SEX,SALARY,SUPERSSN,DNO) values (122,'Michael Bolton','bong',to_date('03-11월-80','DD-MON-RR'),'MIAMI','M',13000,146,2160);
Insert into CLASS_A.EMPLOYEE (SSN,FNAME,LNAME,BDATE,ADDRESS,SEX,SALARY,SUPERSSN,DNO) values (123,'Bon Jovi','sim',to_date('05-5월 -82','DD-MON-RR'),'NEW YORK','M',6000,146,3);
Insert into CLASS_A.EMPLOYEE (SSN,FNAME,LNAME,BDATE,ADDRESS,SEX,SALARY,SUPERSSN,DNO) values (124,'Lee Chung Ki','sin',to_date('01-2월 -85','DD-MON-RR'),'YONGIN','M',6500,146,2120);
Insert into CLASS_A.EMPLOYEE (SSN,FNAME,LNAME,BDATE,ADDRESS,SEX,SALARY,SUPERSSN,DNO) values (125,'Jonghoon Chun','cho',to_date('09-4월 -79','DD-MON-RR'),'SEOUL','M',2600,146,2130);
Insert into CLASS_A.EMPLOYEE (SSN,FNAME,LNAME,BDATE,ADDRESS,SEX,SALARY,SUPERSSN,DNO) values (126,'JongHyun Lim','oh',to_date('07-7월 -87','DD-MON-RR'),'YONGIN','M',4400,146,2140);
Insert into CLASS_A.EMPLOYEE (SSN,FNAME,LNAME,BDATE,ADDRESS,SEX,SALARY,SUPERSSN,DNO) values (127,'Adeline','jung',to_date('25-4월 -77','DD-MON-RR'),'YONGIN','M',13000,146,2150);
Insert into CLASS_A.EMPLOYEE (SSN,FNAME,LNAME,BDATE,ADDRESS,SEX,SALARY,SUPERSSN,DNO) values (128,'Alexandra','ryu',to_date('03-10월-83','DD-MON-RR'),'DALLAS','M',6000,146,2160);
Insert into CLASS_A.EMPLOYEE (SSN,FNAME,LNAME,BDATE,ADDRESS,SEX,SALARY,SUPERSSN,DNO) values (129,'Althea ','kim',to_date('15-11월-89','DD-MON-RR'),'CHICAGO','F',6500,146,3);
Insert into CLASS_A.EMPLOYEE (SSN,FNAME,LNAME,BDATE,ADDRESS,SEX,SALARY,SUPERSSN,DNO) values (130,'Donna','lee',to_date('30-12월-89','DD-MON-RR'),'BOSTON','M',13000,146,2120);
Insert into CLASS_A.EMPLOYEE (SSN,FNAME,LNAME,BDATE,ADDRESS,SEX,SALARY,SUPERSSN,DNO) values (131,'Darlene','kim',to_date('24-10월-77','DD-MON-RR'),'SEOUL','F',2600,146,2130);
Insert into CLASS_A.EMPLOYEE (SSN,FNAME,LNAME,BDATE,ADDRESS,SEX,SALARY,SUPERSSN,DNO) values (132,'Ellen','song',to_date('25-12월-75','DD-MON-RR'),'MIAMI','F',2600,147,2140);
Insert into CLASS_A.EMPLOYEE (SSN,FNAME,LNAME,BDATE,ADDRESS,SEX,SALARY,SUPERSSN,DNO) values (133,'Janet','kim',to_date('10-2월 -86','DD-MON-RR'),'NEW YORK','M',6000,147,2150);
Insert into CLASS_A.EMPLOYEE (SSN,FNAME,LNAME,BDATE,ADDRESS,SEX,SALARY,SUPERSSN,DNO) values (134,'Ethel ','park',to_date('15-8월 -75','DD-MON-RR'),'YONGIN','M',6500,147,2160);
Insert into CLASS_A.EMPLOYEE (SSN,FNAME,LNAME,BDATE,ADDRESS,SEX,SALARY,SUPERSSN,DNO) values (135,'Henrietta ','go',to_date('21-6월 -71','DD-MON-RR'),'SEOUL','F',2600,147,3);
Insert into CLASS_A.EMPLOYEE (SSN,FNAME,LNAME,BDATE,ADDRESS,SEX,SALARY,SUPERSSN,DNO) values (136,'Genevieve ','jang',to_date('05-2월 -73','DD-MON-RR'),'YONGIN','M',2600,147,2120);
Insert into CLASS_A.EMPLOYEE (SSN,FNAME,LNAME,BDATE,ADDRESS,SEX,SALARY,SUPERSSN,DNO) values (137,'Glenda ','lee',to_date('18-9월 -72','DD-MON-RR'),'YONGIN','M',6000,147,2130);
Insert into CLASS_A.EMPLOYEE (SSN,FNAME,LNAME,BDATE,ADDRESS,SEX,SALARY,SUPERSSN,DNO) values (138,'Betty ','han',to_date('23-9월 -82','DD-MON-RR'),'DALLAS','M',6500,147,2140);
Insert into CLASS_A.EMPLOYEE (SSN,FNAME,LNAME,BDATE,ADDRESS,SEX,SALARY,SUPERSSN,DNO) values (139,'Jeannette','jung',to_date('12-3월 -83','DD-MON-RR'),'CHICAGO','F',13000,147,2150);
Insert into CLASS_A.EMPLOYEE (SSN,FNAME,LNAME,BDATE,ADDRESS,SEX,SALARY,SUPERSSN,DNO) values (150,'Dorothy','park',to_date('16-9월 -77','DD-MON-RR'),'BOSTON','M',2600,147,2160);
Insert into CLASS_A.EMPLOYEE (SSN,FNAME,LNAME,BDATE,ADDRESS,SEX,SALARY,SUPERSSN,DNO) values (151,'Cassandra ','sin',to_date('23-8월 -76','DD-MON-RR'),'SEOUL','F',10000,147,3);
Insert into CLASS_A.EMPLOYEE (SSN,FNAME,LNAME,BDATE,ADDRESS,SEX,SALARY,SUPERSSN,DNO) values (152,'Eve','park',to_date('30-7월 -84','DD-MON-RR'),'MIAMI','F',4400,147,2120);
Insert into CLASS_A.EMPLOYEE (SSN,FNAME,LNAME,BDATE,ADDRESS,SEX,SALARY,SUPERSSN,DNO) values (153,'Brenda ','jin',to_date('29-7월 -74','DD-MON-RR'),'NEW YORK','M',6000,147,2130);
Insert into CLASS_A.EMPLOYEE (SSN,FNAME,LNAME,BDATE,ADDRESS,SEX,SALARY,SUPERSSN,DNO) values (154,'Holly','lee',to_date('28-9월 -68','DD-MON-RR'),'YONGIN','M',6500,147,2140);
Insert into CLASS_A.EMPLOYEE (SSN,FNAME,LNAME,BDATE,ADDRESS,SEX,SALARY,SUPERSSN,DNO) values (155,'Charlotte','kim',to_date('11-3월 -69','DD-MON-RR'),'SEOUL','F',13000,147,2150);
Insert into CLASS_A.EMPLOYEE (SSN,FNAME,LNAME,BDATE,ADDRESS,SEX,SALARY,SUPERSSN,DNO) values (156,'Jenny ','park',to_date('25-6월 -55','DD-MON-RR'),'YONGIN','M',10000,147,2160);
Insert into CLASS_A.EMPLOYEE (SSN,FNAME,LNAME,BDATE,ADDRESS,SEX,SALARY,SUPERSSN,DNO) values (157,'Caren','ha',to_date('18-8월 -68','DD-MON-RR'),'YONGIN','M',6000,148,3);
Insert into CLASS_A.EMPLOYEE (SSN,FNAME,LNAME,BDATE,ADDRESS,SEX,SALARY,SUPERSSN,DNO) values (158,'Geraldine ','ha',to_date('27-2월 -78','DD-MON-RR'),'DALLAS','M',6500,148,2120);
Insert into CLASS_A.EMPLOYEE (SSN,FNAME,LNAME,BDATE,ADDRESS,SEX,SALARY,SUPERSSN,DNO) values (159,'Kelly','kim',to_date('05-8월 -74','DD-MON-RR'),'CHICAGO','F',10000,148,2130);
Insert into CLASS_A.EMPLOYEE (SSN,FNAME,LNAME,BDATE,ADDRESS,SEX,SALARY,SUPERSSN,DNO) values (160,'Charity ','na',to_date('29-6월 -83','DD-MON-RR'),'BOSTON','M',13000,148,2140);
Insert into CLASS_A.EMPLOYEE (SSN,FNAME,LNAME,BDATE,ADDRESS,SEX,SALARY,SUPERSSN,DNO) values (161,'Josephine ','jun',to_date('07-5월 -81','DD-MON-RR'),'SEOUL','F',2600,148,2150);
Insert into CLASS_A.EMPLOYEE (SSN,FNAME,LNAME,BDATE,ADDRESS,SEX,SALARY,SUPERSSN,DNO) values (162,'Leona ','lee',to_date('09-7월 -79','DD-MON-RR'),'MIAMI','F',2600,148,2160);
Insert into CLASS_A.EMPLOYEE (SSN,FNAME,LNAME,BDATE,ADDRESS,SEX,SALARY,SUPERSSN,DNO) values (163,'Marina','ryu',to_date('19-7월 -76','DD-MON-RR'),'NEW YORK','M',4400,148,3);
Insert into CLASS_A.EMPLOYEE (SSN,FNAME,LNAME,BDATE,ADDRESS,SEX,SALARY,SUPERSSN,DNO) values (164,'Kimberly','cha',to_date('04-5월 -68','DD-MON-RR'),'YONGIN','M',6000,148,2120);
Insert into CLASS_A.EMPLOYEE (SSN,FNAME,LNAME,BDATE,ADDRESS,SEX,SALARY,SUPERSSN,DNO) values (165,'Lavinia ','gong',to_date('04-2월 -85','DD-MON-RR'),'SEOUL','F',6500,148,2130);
Insert into CLASS_A.EMPLOYEE (SSN,FNAME,LNAME,BDATE,ADDRESS,SEX,SALARY,SUPERSSN,DNO) values (166,'Madeline','kim',to_date('14-4월 -67','DD-MON-RR'),'YONGIN','M',13000,148,2140);
Insert into CLASS_A.EMPLOYEE (SSN,FNAME,LNAME,BDATE,ADDRESS,SEX,SALARY,SUPERSSN,DNO) values (167,'Linda','kang',to_date('19-8월 -65','DD-MON-RR'),'YONGIN','M',6000,148,2150);
Insert into CLASS_A.EMPLOYEE (SSN,FNAME,LNAME,BDATE,ADDRESS,SEX,SALARY,SUPERSSN,DNO) values (168,'Lora ','park',to_date('28-9월 -67','DD-MON-RR'),'DALLAS','M',10000,148,2160);
Insert into CLASS_A.EMPLOYEE (SSN,FNAME,LNAME,BDATE,ADDRESS,SEX,SALARY,SUPERSSN,DNO) values (169,'Lauren','lee',to_date('18-4월 -79','DD-MON-RR'),'CHICAGO','F',13000,148,3);
Insert into CLASS_A.EMPLOYEE (SSN,FNAME,LNAME,BDATE,ADDRESS,SEX,SALARY,SUPERSSN,DNO) values (170,'Mary ','gae',to_date('02-10월-82','DD-MON-RR'),'BOSTON','M',2600,148,2120);
Insert into CLASS_A.EMPLOYEE (SSN,FNAME,LNAME,BDATE,ADDRESS,SEX,SALARY,SUPERSSN,DNO) values (171,'Lisa ','sin',to_date('21-11월-68','DD-MON-RR'),'SEOUL','F',10000,148,2130);
Insert into CLASS_A.EMPLOYEE (SSN,FNAME,LNAME,BDATE,ADDRESS,SEX,SALARY,SUPERSSN,DNO) values (172,'Muriel','ga',to_date('06-3월 -84','DD-MON-RR'),'MIAMI','F',2600,147,2140);
Insert into CLASS_A.EMPLOYEE (SSN,FNAME,LNAME,BDATE,ADDRESS,SEX,SALARY,SUPERSSN,DNO) values (173,'Olive','nick',to_date('23-9월 -87','DD-MON-RR'),'NEW YORK','M',2600,148,2150);
Insert into CLASS_A.EMPLOYEE (SSN,FNAME,LNAME,BDATE,ADDRESS,SEX,SALARY,SUPERSSN,DNO) values (174,'Rose','jo',to_date('13-2월 -87','DD-MON-RR'),'YONGIN','M',2600,147,2160);
Insert into CLASS_A.EMPLOYEE (SSN,FNAME,LNAME,BDATE,ADDRESS,SEX,SALARY,SUPERSSN,DNO) values (175,'Waibel Alexander','han',to_date('07-9월 -81','DD-MON-RR'),'SEOUL','M',2600,148,2160);
Insert into CLASS_A.EMPLOYEE (SSN,FNAME,LNAME,BDATE,ADDRESS,SEX,SALARY,SUPERSSN,DNO) values (200,'Hayeon','Kang',null,'BUSAN','F',6000,146,3000);
Insert into CLASS_A.EMPLOYEE (SSN,FNAME,LNAME,BDATE,ADDRESS,SEX,SALARY,SUPERSSN,DNO) values (201,'Dayeon','Kang',null,'SEOUL','F',13000,146,3);
Insert into CLASS_A.EMPLOYEE (SSN,FNAME,LNAME,BDATE,ADDRESS,SEX,SALARY,SUPERSSN,DNO) values (202,'Chanmin','Seo',null,'YONGIN','M',2800,148,3001);
Insert into CLASS_A.EMPLOYEE (SSN,FNAME,LNAME,BDATE,ADDRESS,SEX,SALARY,SUPERSSN,DNO) values (203,'Minhyu','Kim',null,'OULSAN','M',4600,148,3002);
Insert into CLASS_A.EMPLOYEE (SSN,FNAME,LNAME,BDATE,ADDRESS,SEX,SALARY,SUPERSSN,DNO) values (204,'kihyun','Yoo',null,'GANGWON','M',10000,147,3003);
Insert into CLASS_A.EMPLOYEE (SSN,FNAME,LNAME,BDATE,ADDRESS,SEX,SALARY,SUPERSSN,DNO) values (205,'Seokjin','Kim',null,'GYEONGGI','M',13000,147,3004);
Insert into CLASS_A.EMPLOYEE (SSN,FNAME,LNAME,BDATE,ADDRESS,SEX,SALARY,SUPERSSN,DNO) values (206,'Jeongguk','Jeon',null,'SEOUL','M',13000,146,3005);
Insert into CLASS_A.EMPLOYEE (SSN,FNAME,LNAME,BDATE,ADDRESS,SEX,SALARY,SUPERSSN,DNO) values (207,'Yoongi','Min',null,'SEOUL','M',4800,148,3006);
Insert into CLASS_A.EMPLOYEE (SSN,FNAME,LNAME,BDATE,ADDRESS,SEX,SALARY,SUPERSSN,DNO) values (208,'OneWoo','Jeon',null,'BUSAN','M',10000,146,3007);
Insert into CLASS_A.EMPLOYEE (SSN,FNAME,LNAME,BDATE,ADDRESS,SEX,SALARY,SUPERSSN,DNO) values (209,'Chan','Lee',null,'GYEONGGI','M',2600,146,3008);
REM INSERTING into CLASS_A.WORKS_ON
SET DEFINE OFF;
Insert into CLASS_A.WORKS_ON (SSN,PNUMBER,HOURS) values (147,3388,17);
Insert into CLASS_A.WORKS_ON (SSN,PNUMBER,HOURS) values (110,3388,25);
Insert into CLASS_A.WORKS_ON (SSN,PNUMBER,HOURS) values (116,3388,22);
Insert into CLASS_A.WORKS_ON (SSN,PNUMBER,HOURS) values (146,3377,13);
Insert into CLASS_A.WORKS_ON (SSN,PNUMBER,HOURS) values (112,3377,20);
Insert into CLASS_A.WORKS_ON (SSN,PNUMBER,HOURS) values (111,3373,30);
Insert into CLASS_A.WORKS_ON (SSN,PNUMBER,HOURS) values (114,3373,17);
Insert into CLASS_A.WORKS_ON (SSN,PNUMBER,HOURS) values (113,3373,15);
Insert into CLASS_A.WORKS_ON (SSN,PNUMBER,HOURS) values (148,3373,22);
Insert into CLASS_A.WORKS_ON (SSN,PNUMBER,HOURS) values (115,3344,20);
Insert into CLASS_A.WORKS_ON (SSN,PNUMBER,HOURS) values (117,3321,20);
Insert into CLASS_A.WORKS_ON (SSN,PNUMBER,HOURS) values (118,3344,20);
Insert into CLASS_A.WORKS_ON (SSN,PNUMBER,HOURS) values (119,3373,20);
Insert into CLASS_A.WORKS_ON (SSN,PNUMBER,HOURS) values (120,3377,20);
Insert into CLASS_A.WORKS_ON (SSN,PNUMBER,HOURS) values (121,3388,17);
Insert into CLASS_A.WORKS_ON (SSN,PNUMBER,HOURS) values (122,3399,25);
Insert into CLASS_A.WORKS_ON (SSN,PNUMBER,HOURS) values (123,3333,22);
Insert into CLASS_A.WORKS_ON (SSN,PNUMBER,HOURS) values (124,3311,13);
Insert into CLASS_A.WORKS_ON (SSN,PNUMBER,HOURS) values (125,3321,20);
Insert into CLASS_A.WORKS_ON (SSN,PNUMBER,HOURS) values (126,3344,30);
Insert into CLASS_A.WORKS_ON (SSN,PNUMBER,HOURS) values (128,3377,15);
Insert into CLASS_A.WORKS_ON (SSN,PNUMBER,HOURS) values (129,3388,22);
Insert into CLASS_A.WORKS_ON (SSN,PNUMBER,HOURS) values (130,3399,20);
Insert into CLASS_A.WORKS_ON (SSN,PNUMBER,HOURS) values (131,3333,20);
Insert into CLASS_A.WORKS_ON (SSN,PNUMBER,HOURS) values (132,3311,20);
Insert into CLASS_A.WORKS_ON (SSN,PNUMBER,HOURS) values (134,3344,20);
Insert into CLASS_A.WORKS_ON (SSN,PNUMBER,HOURS) values (136,3377,25);
Insert into CLASS_A.WORKS_ON (SSN,PNUMBER,HOURS) values (137,3388,22);
Insert into CLASS_A.WORKS_ON (SSN,PNUMBER,HOURS) values (138,3399,13);
Insert into CLASS_A.WORKS_ON (SSN,PNUMBER,HOURS) values (139,3333,20);
Insert into CLASS_A.WORKS_ON (SSN,PNUMBER,HOURS) values (150,3311,30);
Insert into CLASS_A.WORKS_ON (SSN,PNUMBER,HOURS) values (151,3321,17);
Insert into CLASS_A.WORKS_ON (SSN,PNUMBER,HOURS) values (153,3373,22);
Insert into CLASS_A.WORKS_ON (SSN,PNUMBER,HOURS) values (154,3377,20);
Insert into CLASS_A.WORKS_ON (SSN,PNUMBER,HOURS) values (155,3388,20);
Insert into CLASS_A.WORKS_ON (SSN,PNUMBER,HOURS) values (156,3399,17);
Insert into CLASS_A.WORKS_ON (SSN,PNUMBER,HOURS) values (157,3333,25);
Insert into CLASS_A.WORKS_ON (SSN,PNUMBER,HOURS) values (158,3311,22);
Insert into CLASS_A.WORKS_ON (SSN,PNUMBER,HOURS) values (159,3321,13);
Insert into CLASS_A.WORKS_ON (SSN,PNUMBER,HOURS) values (160,3344,20);
Insert into CLASS_A.WORKS_ON (SSN,PNUMBER,HOURS) values (162,3377,17);
Insert into CLASS_A.WORKS_ON (SSN,PNUMBER,HOURS) values (163,3388,15);
Insert into CLASS_A.WORKS_ON (SSN,PNUMBER,HOURS) values (164,3399,22);
Insert into CLASS_A.WORKS_ON (SSN,PNUMBER,HOURS) values (165,3333,30);
Insert into CLASS_A.WORKS_ON (SSN,PNUMBER,HOURS) values (166,3311,17);
Insert into CLASS_A.WORKS_ON (SSN,PNUMBER,HOURS) values (167,3321,15);
Insert into CLASS_A.WORKS_ON (SSN,PNUMBER,HOURS) values (169,3373,25);
Insert into CLASS_A.WORKS_ON (SSN,PNUMBER,HOURS) values (170,3377,22);
Insert into CLASS_A.WORKS_ON (SSN,PNUMBER,HOURS) values (172,3399,20);
Insert into CLASS_A.WORKS_ON (SSN,PNUMBER,HOURS) values (173,3333,30);
Insert into CLASS_A.WORKS_ON (SSN,PNUMBER,HOURS) values (174,3311,17);
Insert into CLASS_A.WORKS_ON (SSN,PNUMBER,HOURS) values (175,3311,15);
Insert into CLASS_A.WORKS_ON (SSN,PNUMBER,HOURS) values (134,3321,20);
Insert into CLASS_A.WORKS_ON (SSN,PNUMBER,HOURS) values (173,3344,17);
Insert into CLASS_A.WORKS_ON (SSN,PNUMBER,HOURS) values (134,3373,25);
Insert into CLASS_A.WORKS_ON (SSN,PNUMBER,HOURS) values (134,3377,22);
Insert into CLASS_A.WORKS_ON (SSN,PNUMBER,HOURS) values (134,3388,13);
Insert into CLASS_A.WORKS_ON (SSN,PNUMBER,HOURS) values (134,3399,20);
Insert into CLASS_A.WORKS_ON (SSN,PNUMBER,HOURS) values (134,3333,30);
Insert into CLASS_A.WORKS_ON (SSN,PNUMBER,HOURS) values (134,3311,17);
Insert into CLASS_A.WORKS_ON (SSN,PNUMBER,HOURS) values (170,3321,15);
Insert into CLASS_A.WORKS_ON (SSN,PNUMBER,HOURS) values (170,3344,22);
Insert into CLASS_A.WORKS_ON (SSN,PNUMBER,HOURS) values (170,3373,20);
Insert into CLASS_A.WORKS_ON (SSN,PNUMBER,HOURS) values (173,3377,20);
Insert into CLASS_A.WORKS_ON (SSN,PNUMBER,HOURS) values (170,3388,20);
Insert into CLASS_A.WORKS_ON (SSN,PNUMBER,HOURS) values (170,3399,20);
Insert into CLASS_A.WORKS_ON (SSN,PNUMBER,HOURS) values (170,3333,20);
Insert into CLASS_A.WORKS_ON (SSN,PNUMBER,HOURS) values (170,3311,17);
Insert into CLASS_A.WORKS_ON (SSN,PNUMBER,HOURS) values (173,3321,25);
Insert into CLASS_A.WORKS_ON (SSN,PNUMBER,HOURS) values (151,3344,22);
Insert into CLASS_A.WORKS_ON (SSN,PNUMBER,HOURS) values (151,3373,13);
Insert into CLASS_A.WORKS_ON (SSN,PNUMBER,HOURS) values (151,3377,20);
Insert into CLASS_A.WORKS_ON (SSN,PNUMBER,HOURS) values (151,3388,30);
Insert into CLASS_A.WORKS_ON (SSN,PNUMBER,HOURS) values (151,3399,17);
Insert into CLASS_A.WORKS_ON (SSN,PNUMBER,HOURS) values (151,3333,25);
Insert into CLASS_A.WORKS_ON (SSN,PNUMBER,HOURS) values (151,3311,22);
Insert into CLASS_A.WORKS_ON (SSN,PNUMBER,HOURS) values (155,3321,13);
Insert into CLASS_A.WORKS_ON (SSN,PNUMBER,HOURS) values (155,3344,20);
Insert into CLASS_A.WORKS_ON (SSN,PNUMBER,HOURS) values (155,3373,30);
Insert into CLASS_A.WORKS_ON (SSN,PNUMBER,HOURS) values (155,3377,17);
Insert into CLASS_A.WORKS_ON (SSN,PNUMBER,HOURS) values (173,3388,15);
Insert into CLASS_A.WORKS_ON (SSN,PNUMBER,HOURS) values (155,3399,22);
Insert into CLASS_A.WORKS_ON (SSN,PNUMBER,HOURS) values (155,3333,20);
Insert into CLASS_A.WORKS_ON (SSN,PNUMBER,HOURS) values (155,3311,20);
Insert into CLASS_A.WORKS_ON (SSN,PNUMBER,HOURS) values (164,3321,20);
Insert into CLASS_A.WORKS_ON (SSN,PNUMBER,HOURS) values (164,3344,20);
Insert into CLASS_A.WORKS_ON (SSN,PNUMBER,HOURS) values (164,3373,20);
Insert into CLASS_A.WORKS_ON (SSN,PNUMBER,HOURS) values (164,3377,17);
Insert into CLASS_A.WORKS_ON (SSN,PNUMBER,HOURS) values (164,3388,25);
Insert into CLASS_A.WORKS_ON (SSN,PNUMBER,HOURS) values (173,3399,22);
Insert into CLASS_A.WORKS_ON (SSN,PNUMBER,HOURS) values (164,3333,13);
Insert into CLASS_A.WORKS_ON (SSN,PNUMBER,HOURS) values (164,3311,20);
Insert into CLASS_A.WORKS_ON (SSN,PNUMBER,HOURS) values (200,4000,11);
Insert into CLASS_A.WORKS_ON (SSN,PNUMBER,HOURS) values (201,4001,15);
Insert into CLASS_A.WORKS_ON (SSN,PNUMBER,HOURS) values (202,4002,16);
Insert into CLASS_A.WORKS_ON (SSN,PNUMBER,HOURS) values (203,4003,55);
Insert into CLASS_A.WORKS_ON (SSN,PNUMBER,HOURS) values (204,4004,10);
Insert into CLASS_A.WORKS_ON (SSN,PNUMBER,HOURS) values (205,4005,7);
Insert into CLASS_A.WORKS_ON (SSN,PNUMBER,HOURS) values (206,4006,20);
Insert into CLASS_A.WORKS_ON (SSN,PNUMBER,HOURS) values (207,4007,18);
Insert into CLASS_A.WORKS_ON (SSN,PNUMBER,HOURS) values (208,4008,6);
Insert into CLASS_A.WORKS_ON (SSN,PNUMBER,HOURS) values (209,4009,12);
Insert into CLASS_A.WORKS_ON (SSN,PNUMBER,HOURS) values (209,4008,5);
Insert into CLASS_A.WORKS_ON (SSN,PNUMBER,HOURS) values (209,4007,2);
Insert into CLASS_A.WORKS_ON (SSN,PNUMBER,HOURS) values (209,4006,1);
Insert into CLASS_A.WORKS_ON (SSN,PNUMBER,HOURS) values (209,4005,3);
Insert into CLASS_A.WORKS_ON (SSN,PNUMBER,HOURS) values (209,4004,5);
Insert into CLASS_A.WORKS_ON (SSN,PNUMBER,HOURS) values (209,4003,7);
Insert into CLASS_A.WORKS_ON (SSN,PNUMBER,HOURS) values (209,4002,2);
Insert into CLASS_A.WORKS_ON (SSN,PNUMBER,HOURS) values (209,4001,4);
Insert into CLASS_A.WORKS_ON (SSN,PNUMBER,HOURS) values (209,4000,6);
Insert into CLASS_A.WORKS_ON (SSN,PNUMBER,HOURS) values (209,3311,5);
Insert into CLASS_A.WORKS_ON (SSN,PNUMBER,HOURS) values (209,3333,1);
Insert into CLASS_A.WORKS_ON (SSN,PNUMBER,HOURS) values (209,3399,2);
Insert into CLASS_A.WORKS_ON (SSN,PNUMBER,HOURS) values (209,3388,8);
Insert into CLASS_A.WORKS_ON (SSN,PNUMBER,HOURS) values (209,3377,9);
Insert into CLASS_A.WORKS_ON (SSN,PNUMBER,HOURS) values (209,3373,4);
Insert into CLASS_A.WORKS_ON (SSN,PNUMBER,HOURS) values (209,3344,3);
Insert into CLASS_A.WORKS_ON (SSN,PNUMBER,HOURS) values (209,3321,3);
Insert into CLASS_A.WORKS_ON (SSN,PNUMBER,HOURS) values (201,3388,11);
REM INSERTING into CLASS_A.PROJECT
SET DEFINE OFF;
Insert into CLASS_A.PROJECT (PNUMBER,PNAME,PLOCATION) values (3321,'Atomic FTP Uploads','CHICAGO');
Insert into CLASS_A.PROJECT (PNUMBER,PNAME,PLOCATION) values (3344,'Application Installer','BOSTON');
Insert into CLASS_A.PROJECT (PNUMBER,PNAME,PLOCATION) values (3373,'Configurator','DALLAS');
Insert into CLASS_A.PROJECT (PNUMBER,PNAME,PLOCATION) values (3377,'Domain Registry ','MIAMI');
Insert into CLASS_A.PROJECT (PNUMBER,PNAME,PLOCATION) values (3388,'Y','SEOUL');
Insert into CLASS_A.PROJECT (PNUMBER,PNAME,PLOCATION) values (3399,'CSS Colour and Image Annotator','NEW YORK');
Insert into CLASS_A.PROJECT (PNUMBER,PNAME,PLOCATION) values (3333,'HTML Disturbed Link Patcher','DALLAS');
Insert into CLASS_A.PROJECT (PNUMBER,PNAME,PLOCATION) values (3311,'Smart Layouts','YONGIN');
Insert into CLASS_A.PROJECT (PNUMBER,PNAME,PLOCATION) values (4000,'Backorder Predict','BUSAN');
Insert into CLASS_A.PROJECT (PNUMBER,PNAME,PLOCATION) values (4001,'Dust','OULSAN');
Insert into CLASS_A.PROJECT (PNUMBER,PNAME,PLOCATION) values (4002,'Purchasing Predict','SEOUL');
Insert into CLASS_A.PROJECT (PNUMBER,PNAME,PLOCATION) values (4003,'K','NEW YORK');
Insert into CLASS_A.PROJECT (PNUMBER,PNAME,PLOCATION) values (4004,'HTML Disturbed Link Patcher','MIAMI');
Insert into CLASS_A.PROJECT (PNUMBER,PNAME,PLOCATION) values (4005,'Automation','SEOUL');
Insert into CLASS_A.PROJECT (PNUMBER,PNAME,PLOCATION) values (4006,'Electric','DALLAS');
Insert into CLASS_A.PROJECT (PNUMBER,PNAME,PLOCATION) values (4007,'Facelift','GYEONGGI');
Insert into CLASS_A.PROJECT (PNUMBER,PNAME,PLOCATION) values (4008,'Ionic','GANGWON');
Insert into CLASS_A.PROJECT (PNUMBER,PNAME,PLOCATION) values (4009,'Genesis','SEOUL');
